0,1
0.0,0.0
0.0,0.0
0.0,0.0
0.0,0.0
0.0,0.0
0.0,0.0
0.0,0.0
0.0,0.0
0.0,0.0
0.0,0.0
0.0,0.0
0.0,0.0
0.0,0.0
0.0,0.0
0.0,0.0
0.0,0.0
0.0,0.0
0.0,0.0
0.0,0.0
0.0,0.0
0.0,0.0
0.0,0.0
0.0,0.0
0.0,0.0
0.0,0.0
0.0,0.0
0.0,0.0
0.0,0.0
0.0,0.0
0.0,0.0
0.0,0.0
0.0,0.0
0.0,0.0
0.0,-14.510376338303914
-2.409056573050886,-103.70464004947219
-100.0495317016896,-0.050026852054721085
-130.00826927326767,-136.09680931893735
-74.31048169470827,-32.529347325676255
2.8266101138988513,-0.023427950000000003
-63.418093179409325,-0.049681865727943204
-32.08047645774732,-18.140949726562177
26.260857181710954,-0.04994104907711131
0.0,0.0
0.0,0.0
0.0,0.0
0.0,0.0
0.0,0.0
0.0,0.0
0.0,-3.3083160350472256
-3.5475064099805853,-3.736690430634885
-2.0409361671931414,-0.05415437922859807
26.61548156311334,-32.82821136643147
47.09201547197537,0.5041746517632368
55.85330144299746,-0.037290670858355
67.36092987051337,-0.0343094701955
67.90186641219954,-0.026085155000000002
68.6527322790046,-0.03062897555
0.0,0.0
0.0,0.0
0.0,0.0
0.0,0.0
0.0,0.0
0.0,0.0
0.0,7.670360149878925
13.79556970648902,13.372968202500402
43.86480637852025,0.4871358315539285
50.37078216586962,-9.277895450530405
66.35366034722502,0.6878575334292956
66.78673139198189,0.8666800248754091
67.29245273425794,0.2607373237750138
67.79718451601282,-0.032566077995
68.29412821081131,-0.037290670858355
0.0,0.0
0.0,0.0
0.0,0.0
0.0,0.0
0.0,0.0
0.0,0.0
0.0,31.261953043139485
44.59782809766615,30.20802563116001
62.406901555184255,8.294443399351708
64.06298067612695,0.5874463808448807
65.12687395531167,17.2956136602702
66.13005288450897,12.664099973138953
66.7239779810258,3.350202080093793
66.70742274578589,2.7959669852279587
65.90038386987702,0.3379952520911653
0.0,0.0
0.0,0.0
0.0,0.0
0.0,0.0
0.0,0.0
0.0,0.0
0.0,49.75894410045253
60.442803475128386,55.804949172377
61.99331525970471,26.705949887620044
63.30964390329743,0.4285401226443799
64.3064421883799,18.462059071352453
64.98641485813994,18.986721546747937
64.74953778577222,4.300242360375133
60.8841028833958,-0.033777662717224335
58.67274004217801,17.073727273351047
0.0,0.0
0.0,0.0
0.0,0.0
0.0,0.0
0.0,0.0
0.0,0.0
0.0,39.34795221825887
59.52071935013679,56.48884678876357
61.58582288973544,21.583445021218637
62.44286055012955,0.33253511673783015
63.10511800164692,16.438226417316393
60.478630367453505,4.205265573284811
58.35266923619433,4.1850466038847784
58.46425087708102,4.339432715683887
55.559968722701555,4.324005544865899
0.0,0.0
0.0,0.0
0.0,0.0
0.0,0.0
0.0,0.0
0.0,0.0
0.0,43.699475163666094
45.93235712866196,31.196689249468342
46.73856090458635,0.4279966087870881
50.5589559546753,0.23038194298883558
39.76333958498882,2.161211697416249
47.6071789730907,6.27507227059725
48.43764724981036,2.936361343928919
51.07303995113605,0.0677262944352667
53.43792844549543,5.447975437001229
0.0,0.0
0.0,0.0
0.0,0.0
0.0,0.0
0.0,0.0
0.0,0.0
0.0,33.82696402980388
5.579926387170964,39.20639856415164
31.214538340933313,0.12052942169460212
37.63520199980512,0.5870269834072513
41.67746606582229,4.0055435260008005
8.848657579218477,-0.010689137954645829
39.3648479412217,6.8460084695589
44.17648520902444,0.20164298757715404
56.05942370781772,18.630177146130535
0.0,0.0
0.0,0.0
0.0,0.0
0.0,0.0
0.0,0.0
0.0,0.0
0.0,28.661286788060963
29.177745520680276,24.805590018096456
31.479568177522793,3.3944750406644646
34.435993158569815,0.10486509585091562
36.45004275347701,0.9797329760223736
40.57103540794232,7.376709750488036
48.977879406146876,11.160478977926557
53.01302144669501,22.053605287599204
54.41778670735994,21.1874477930268
0.0,0.0
0.0,0.0
0.0,0.0
0.0,0.0
0.0,0.0
0.0,0.0
0.0,24.18289667401364
9.275853086272148,25.999736385031554
32.17948772200236,2.206816804574336
37.079730011053826,0.0
45.93579400036448,-0.0259218437659145
49.48181884965759,5.925378297431351
50.479932319969855,19.437417661758374
51.83394826039022,0.0
14.88488273261118,0.7202296258570844
0.0,0.0
0.0,0.0
0.0,0.0
0.0,0.0
0.0,0.0
0.0,0.0
0.0,26.37393961823938
32.51115583182515,27.459630855292385
36.701984032875025,3.9059529966165236
43.48780222587761,0.0
47.17612216928106,6.008466570509012
48.619522977453016,20.987921783686136
1.0478076976592983,1.7386593350563138
12.07203357364018,0.0
14.233262513589294,0.0
0.0,0.0
0.0,0.0
0.0,0.0
0.0,0.0
0.0,0.0
0.0,0.0
0.0,31.22370165750812
43.2754838097239,35.40881925412828
44.22970638395643,23.179236178166462
45.67926527573587,0.0
45.941810418999104,19.389550065644446
8.770744474942893,3.7750082027939627
9.921754413358503,2.0144274482195073
0.7184055226080412,-0.009500000000000001
0.0,0.0
0.0,0.0
0.0,0.0
0.0,0.0
0.0,0.0
0.0,0.0
0.0,0.0
0.0,41.139928333486054
41.95847686884495,40.8847025708004
32.8767046019155,40.4202091769345
26.15523007315345,0.0
34.07804407051001,4.812005026653539
1.4010636710578788,-0.005000000000000001
0.14162836594989817,0.0
4.366738375651468,0.0
0.0,0.0
0.0,0.0
0.0,0.0
0.0,0.0
0.0,0.0
0.0,0.0
0.0,0.0
0.0,40.4508623910443
40.91680605377735,40.76257879144185
39.7957216340691,42.214321495594504
1.247695608458017,0.0
6.668768547208701,0.22738662860998052
17.099240518473348,-0.006993596863586654
11.565776996268477,-0.005000000000000001
0.0,0.0
0.0,0.0
0.0,0.0
0.0,0.0
0.0,0.0
0.0,0.0
0.0,0.0
0.0,0.0
0.0,37.7566291041682
30.530846829934514,35.001325191794926
31.872413418437674,36.248996475887836
38.99813534143515,0.0
39.29904116252742,39.94625729016801
0.0,0.0
0.0,0.0
0.0,0.0
0.0,0.0
0.0,0.0
0.0,0.0
0.0,0.0
0.0,0.0
0.0,0.0
0.0,0.0
0.0,29.221243652260863
37.06206864019787,30.734794594377647
37.99024463632516,11.97415104591779
18.767874515072286,-0.0204755
0.0,0.0
0.0,0.0
0.0,0.0
0.0,0.0
0.0,0.0
0.0,0.0
0.0,0.0
0.0,0.0
0.0,0.0
0.0,0.0
0.0,0.0
0.0,0.0
0.0,0.0
0.0,0.0
0.0,0.0
0.0,0.0
0.0,0.0
0.0,0.0
0.0,0.0
0.0,0.0
0.0,0.0
0.0,0.0
0.0,0.0
0.0,0.0
0.0,0.0
0.0,0.0
0.0,0.0
0.0,0.0
0.0,0.0
0.0,0.0
0.0,0.0
0.0,0.0
0.0,0.0
0.0,0.0
0.0,0.0
0.0,0.0
0.0,0.0
0.0,0.0
0.0,0.0
0.0,0.0
0.0,0.0
0.0,16.86597423560343
-16.30654155294699,-89.59820400754928
-102.83915400201788,-81.32110312044648
36.96925693443569,0.0
64.64047888555372,-4.135816770529921
0.0,0.0
0.0,0.0
0.0,0.0
0.0,0.0
0.0,0.0
0.0,0.0
0.0,0.0
0.0,0.0
0.0,0.0
0.0,0.0
0.0,-48.02102204307083
-91.63308395454087,-115.26928820807174
-134.83643970013264,-60.95004343386641
-27.31105074516136,0.0
47.78805678250264,-19.0
0.0,0.0
0.0,0.0
0.0,0.0
0.0,0.0
0.0,0.0
0.0,0.0
0.0,0.0
0.0,0.0
0.0,0.0
0.0,0.0
0.0,-87.70423310062101
-137.48146322546725,-88.79697460278591
-128.0833549257289,-78.17139153226483
-16.042334326196265,0.0
9.905850370361122,-10.004500000000002
17.48286395308803,0.0
52.40942083414413,-0.009500000000000001
67.89818754151091,-0.005000000000000001
69.37982921990422,-0.013550000000000003
0.0,0.0
0.0,0.0
0.0,0.0
0.0,0.0
0.0,0.0
0.0,0.0
0.0,-9.88179988648828
-25.934049143167005,-13.863994516344645
-13.47739994183299,-0.04992722108285347
18.447177942867917,0.0
53.73886539548403,0.0
62.93715811541894,-0.005000000000000001
68.88735174656304,-0.032566077995
69.28979884444236,-0.0204755
69.61906799626416,-0.026085155000000002
0.0,0.0
0.0,0.0
0.0,0.0
0.0,0.0
0.0,0.0
0.0,0.0
0.0,-1.411027025108627
6.8295023301172755,4.686719298642033
21.013109328984953,0.12821342651244574
57.98894792723066,0.0
67.09874572511232,-0.013550000000000003
67.7638780982698,0.31039917729532623
68.27312269370546,0.5100081675929631
68.9070148807663,0.5528256441547682
69.27690823178949,-0.032566077995
0.0,0.0
0.0,0.0
0.0,0.0
0.0,0.0
0.0,0.0
0.0,0.0
0.0,31.953689867830832
50.886368258659616,30.76080295553371
63.214117426760694,7.041390663010337
64.46045677149422,0.0
66.00199802679364,2.9661812069635296
66.81248767211866,7.504488790572571
67.312147714075,1.210273044201661
68.01538050844857,0.04845739988527689
65.97070577682659,0.6779328895254406
0.0,0.0
0.0,0.0
0.0,0.0
0.0,0.0
0.0,0.0
0.0,0.0
0.0,57.9395533877053
60.94133489966346,54.30325648933082
62.165436940714514,17.595770667711683
63.542054859652076,0.0
64.64069919252844,19.780748930810226
65.75205613512203,17.00691983577653
65.42173757667365,0.1475820410552315
62.601684615431594,13.479210477975709
62.613137611077875,0.3498885196421919
0.0,0.0
0.0,0.0
0.0,0.0
0.0,0.0
0.0,0.0
0.0,0.0
0.0,57.93214118691932
60.15907770253783,57.52334430096132
61.83180559057117,18.049798287776188
62.881598174799365,0.0
63.50202832975304,8.612227839374814
60.69429623180872,0.0
60.97705525617828,0.13625770715487315
60.51772235462596,4.939965465892025
60.97386047890645,0.013271263310647029
0.0,0.0
0.0,0.0
0.0,0.0
0.0,0.0
0.0,0.0
0.0,0.0
0.0,44.86513093423396
1.1267897912049902,39.40944897178493
-0.008898886549162452,6.57740169026607
-0.005000000000000001,0.0
6.243438373072323,0.0
25.795531860126097,0.0
30.590900742501454,0.0
44.602095037651935,0.0
57.95378182907603,13.339332719228386
0.0,0.0
0.0,0.0
0.0,0.0
0.0,0.0
0.0,0.0
0.0,0.0
0.0,22.832823235391512
3.643175056309769,26.89948227977363
10.198888679367542,0.46871167840797295
3.6168467229864665,0.0
2.491550705860588,0.0
0.034273513371989986,0.0
0.20432088679902521,0.0
41.73428011662731,0.0
57.42288536939226,12.709937097085945
0.0,0.0
0.0,0.0
0.0,0.0
0.0,0.0
0.0,0.0
0.0,0.0
0.0,12.243363020914053
15.681509620902508,11.26535806074875
14.808343017218359,2.6613684662987427
7.27774893477794,0.0
0.0,0.0
0.049975000000000006,-0.005000000000000001
0.14426659645523826,-0.005000000000000001
38.27044361588835,-0.009500000000000001
47.63307093026172,0.9616717428471351
0.0,0.0
0.0,0.0
0.0,0.0
0.0,0.0
0.0,0.0
0.0,0.0
0.0,15.034705996702728
1.7377213837472407,19.819876982354476
0.1068869675102076,0.0
0.20123764734593708,0.0
0.14029343638652503,0.0
0.19105213609561986,0.0
2.6675110627641065,0.0
16.814147939105826,0.0
17.674036383576308,0.0
0.0,0.0
0.0,0.0
0.0,0.0
0.0,0.0
0.0,0.0
0.0,0.0
0.0,19.94656557321638
-0.024550731836445995,21.981735573369832
-0.014540768103938591,0.2774183307070808
-0.002942450974180194,0.0
0.2083793893634814,0.0
0.34014487478628186,0.0
0.18710640947749269,-0.009500000000000001
1.9527243024714511,-0.005000000000000001
5.774399576597766,-0.009500000000000001
0.0,0.0
0.0,0.0
0.0,0.0
0.0,0.0
0.0,0.0
0.0,0.0
0.0,25.924820553442835
2.1723696303631175,27.54481719515804
2.877857135519037,0.8598648687288744
4.316666618327461,0.0
0.19799032399639305,0.0
0.175303001600701,-0.005000000000000001
0.4647173177607671,-0.005000000000000001
0.5365734414885954,0.022900932014114993
0.1040209156557638,0.0
0.0,0.0
0.0,0.0
0.0,0.0
0.0,0.0
0.0,0.0
0.0,0.0
0.0,31.448514232006588
4.85956400290195,33.40672804936978
0.02569548756625711,1.7370349980314224
-0.019531706085744366,0.0
0.4161257291886146,-0.005000000000000001
0.4323489725324563,-0.017195000000000002
0.11513753775475,0.0
47.51984878099023,0.0
1.3649126200235848,0.0
0.0,0.0
0.0,0.0
0.0,0.0
0.0,0.0
0.0,0.0
0.0,0.0
0.0,30.352279108198818
3.469118171271995,33.618135593190615
6.533441879835986,1.3059403558651166
4.360265815855891,0.0
48.03870818383062,-0.005000000000000001
48.26677103954716,15.425632672147607
48.569292629224904,6.095278074576038
0.4644248374478027,0.0
0.0,0.0
0.0,0.0
0.0,0.0
0.0,0.0
0.0,0.0
0.0,0.0
0.0,0.0
0.0,31.81953957131234
21.26987892402121,31.897355124971977
18.34634467089385,27.743044279868386
45.30001204632959,0.0
47.19984027093429,20.630285994722957
0.0,0.0
0.0,0.0
0.0,0.0
0.0,0.0
0.0,0.0
0.0,0.0
0.0,0.0
0.0,0.0
0.0,0.0
0.0,0.0
0.0,32.60670137466948
39.41828208973791,36.85010188283896
41.15995029784748,21.352147065447365
-0.0284766395,24.91027738765897
0.0,0.0
0.0,0.0
0.0,0.0
0.0,0.0
0.0,0.0
0.0,0.0
0.0,0.0
0.0,0.0
0.0,0.0
0.0,0.0
0.0,0.0
19.436546338194972,38.04944428970205
25.83797300659525,0.0
0.0,0.0
0.0,0.0
0.0,0.0
0.0,0.0
0.0,0.0
0.0,0.0
0.0,0.0
0.0,0.0
0.0,0.0
0.0,0.0
0.0,0.0
0.0,0.0
0.0,0.0
0.0,0.0
0.0,0.0
0.0,0.0
0.0,0.0
0.0,0.0
0.0,0.0
0.0,0.0
0.0,0.0
0.0,0.0
0.0,0.0
0.0,0.0
0.0,0.0
0.0,0.0
0.0,0.0
0.0,0.0
0.0,51.272069376636715
62.0386685245428,38.820741416757016
64.75700136972912,26.970085182940675
66.85721063071237,0.0
75.52697984551504,-7.74398481268414
60.22897538775218,-12.736853433546925
58.482716387036795,8.221436031346915
56.92541268022133,0.0
0.0,0.0
0.0,0.0
0.0,0.0
0.0,0.0
0.0,0.0
0.0,0.0
0.0,0.0
0.0,17.78586097601983
17.722409162476595,-56.2972350654246
71.94209459315893,-25.092825283866407
79.91291613598634,0.0
80.33097436694786,9.38630977780597
49.304824317671134,0.0
49.09692642971014,-0.009500000000000001
42.94120647733986,0.0
67.49327941017683,0.0
0.0,0.0
0.0,0.0
0.0,0.0
0.0,0.0
0.0,0.0
0.0,0.0
0.0,-67.01514924178326
-4.586472077831681,-18.056525803729016
35.42728336313788,-15.35067396227047
58.32049784265793,0.0
51.65112390361042,-9.005
50.47592469237028,-23.6518381445109
62.65455228964444,-0.005000000000000001
67.84671915310739,-0.013550000000000003
70.34730338626021,-5.342381770549999
0.0,0.0
0.0,0.0
0.0,0.0
0.0,0.0
0.0,0.0
0.0,0.0
0.0,-7.715001859854435
-13.407246244587267,-2.9551034940414542
29.52906213307252,-0.04998786252774843
45.542042874451475,0.0
53.21460250356054,0.0
63.42332710477178,-0.005000000000000001
69.47640130991854,-0.037290670858355
70.13897199931598,-0.03062897555
70.52173548974774,-0.039705443395267555
0.0,0.0
0.0,0.0
0.0,0.0
0.0,0.0
0.0,0.0
0.0,0.0
0.0,2.15596336301334
16.197517469080598,10.138055134836376
41.96293692760645,-0.049995297694565066
55.97769677790167,0.0
67.63913035063582,0.0
68.29871661343043,0.09695571279870902
69.2471270371585,-0.0284766395
69.40343657178757,-0.026085155000000002
70.03780900745774,-0.023427950000000003
0.0,0.0
0.0,0.0
0.0,0.0
0.0,0.0
0.0,0.0
0.0,0.0
0.0,37.60312287678167
50.54396491592904,33.1759231446431
63.65463779048051,8.659081214114693
64.6807452099146,0.0
66.30885197443058,10.575453722614228
66.75147951438778,2.5164163932523174
67.8676994960255,0.46598213534183414
68.31019655276589,-0.0038528093652377424
67.26979429834896,1.698884321361616
0.0,0.0
0.0,0.0
0.0,0.0
0.0,0.0
0.0,0.0
0.0,0.0
0.0,59.62274407823729
60.907483683227966,53.86046968197049
62.838594174485095,34.71906802172601
63.49560393585272,0.0
64.64877334297147,22.42458236476859
65.9530157215006,12.848686573011191
65.19877612708976,2.736891069316855
63.238429856159634,5.208072670752631
63.52884370105635,3.019342021305312
0.0,0.0
0.0,0.0
0.0,0.0
0.0,0.0
0.0,0.0
0.0,0.0
0.0,59.70765615698106
55.925616517291786,58.27092393556471
62.138473724976336,19.52331375301622
63.13998054331233,0.0
63.81777190838583,7.105773194898395
60.45235917929098,0.0
61.398482201096336,-0.005000000000000001
62.22248193417198,14.017523755478127
61.90694299721885,7.723524362983752
0.0,0.0
0.0,0.0
0.0,0.0
0.0,0.0
0.0,0.0
0.0,0.0
0.0,41.620414692834366
-0.05160000512290483,37.05770599877351
0.5299813992514609,8.726916848226992
-0.009500000000000001,0.0
0.0205,0.0
0.0475,0.0
0.025,0.0
3.6871033443628014,0.0
58.721776428908285,25.62425346860251
0.0,0.0
0.0,0.0
0.0,0.0
0.0,0.0
0.0,0.0
0.0,0.0
0.0,16.009563113397313
2.3540149246919326,24.98291289707184
-0.03471615680887533,0.9601478293469436
-0.005000000000000001,0.0
0.06410500000000001,0.0
0.0475,0.0
0.025,0.0
0.046297105540116755,0.0
54.89031481049645,3.0605397677416555
0.0,0.0
0.0,0.0
0.0,0.0
0.0,0.0
0.0,0.0
0.0,0.0
0.0,14.807377154329112
-0.029359914570500002,11.772816965664202
-0.013550000000000003,0.62899960661533
-0.013550000000000003,0.0
0.02480155,0.0
0.0,0.0
0.056655272500000006,0.0
4.74281476746636,0.5755132847153941
29.92649050608285,1.6485020263150885
0.0,0.0
0.0,0.0
0.0,0.0
0.0,0.0
0.0,0.0
0.0,0.0
0.0,10.787619981718116
-0.023468908550000004,12.31164806465926
-0.01858313693294636,1.027994966234448
0.0,0.0
0.0,0.0
0.0,0.0
0.050220025,0.0
0.42954103940702837,-0.005000000000000001
17.14616201691179,-0.005000000000000001
0.0,0.0
0.0,0.0
0.0,0.0
0.0,0.0
0.0,0.0
0.0,0.0
0.0,12.496318564994048
0.05103566088520401,12.245988090062902
0.06118281257174883,0.9996162386689211
0.0,0.0
0.0,0.0
0.029947525000000003,0.0
0.09760057000000001,0.0
0.1361552328781225,0.0
0.7081617408175934,0.0
0.0,0.0
0.0,0.0
0.0,0.0
0.0,0.0
0.0,0.0
0.0,0.0
0.0,15.78795975020551
0.7800233434583427,22.229718971935995
0.154680849905616,0.6224741930380425
0.0017072500000000004,0.0
0.18115700272048335,0.0
0.2561877247291011,-0.013550000000000003
2.9371776359830664,-0.005000000000000001
1.7332172835999002,-0.005000000000000001
16.69957778757859,-0.005000000000000001
0.0,0.0
0.0,0.0
0.0,0.0
0.0,0.0
0.0,0.0
0.0,0.0
0.0,22.923062189403613
0.810277766983275,23.783106929258082
-0.0419106317723866,2.243146568402989
0.019508641383027835,0.0
0.8445993382616837,0.0
1.565644012401914,0.0
0.09268225000000001,-0.005000000000000001
49.61655967457489,4.536573435764199
21.96662813848759,-0.005000000000000001
0.0,0.0
0.0,0.0
0.0,0.0
0.0,0.0
0.0,0.0
0.0,0.0
0.0,25.04188640464142
3.1762959497646426,23.522863017100228
15.702102161239056,-0.040094454197322604
34.65397799332274,0.0
48.2812103626177,-0.009500000000000001
48.85440068060992,16.292855952725386
49.26005905223184,8.333791191624238
2.940101961359575,0.0
0.0,0.0
0.0,0.0
0.0,0.0
0.0,0.0
0.0,0.0
0.0,0.0
0.0,0.0
0.0,25.398022201759865
18.348468396342067,22.52178453395767
17.57447386053684,22.573078673085977
44.822827001494595,0.0
46.71357909033723,17.722027650140017
0.0,0.0
0.0,0.0
0.0,0.0
0.0,0.0
0.0,0.0
0.0,0.0
0.0,0.0
0.0,0.0
0.0,0.0
0.0,0.0
0.0,34.52501786639435
39.807952542022534,38.009371594019484
43.17873720406643,17.74542704886153
12.600570811075757,23.085792370727596
0.0,0.0
0.0,0.0
0.0,0.0
0.0,0.0
0.0,0.0
0.0,0.0
0.0,0.0
0.0,0.0
0.0,0.0
0.0,0.0
0.0,0.0
23.19950358742639,38.583744614233424
29.354123911598908,0.0
0.0,0.0
0.0,0.0
0.0,0.0
0.0,0.0
0.0,0.0
0.0,0.0
0.0,0.0
0.0,0.0
0.0,0.0
0.0,0.0
0.0,0.0
0.0,0.0
0.0,0.0
0.0,0.0
0.0,0.0
0.0,0.0
0.0,0.0
0.0,0.0
0.0,0.0
0.0,0.0
0.0,0.0
0.0,0.0
0.0,0.0
0.0,0.0
0.0,0.0
0.0,0.0
0.0,0.0
0.0,0.0
0.0,60.672108535415276
66.03937186404417,58.112517452256654
66.84231622129407,47.947248232166395
68.76573986846323,0.0
62.16257290725151,53.34147746752673
60.38329897380356,50.3375962968039
61.09469367216468,46.40283553569482
59.62150799716716,14.236411353604282
57.10233402892793,0.0
0.0,0.0
0.0,0.0
0.0,0.0
0.0,0.0
0.0,0.0
0.0,0.0
0.0,54.823369754607356
64.98052327304534,49.70439157186399
65.62625009680593,31.57918873340645
65.71627044591843,0.0
70.93313084470687,38.78978959294401
49.210612638757176,0.0
62.87474149643755,2.5615967737291117
63.32200628564333,0.0
69.82262550473557,8.605355617627385
0.0,0.0
0.0,0.0
0.0,0.0
0.0,0.0
0.0,0.0
0.0,0.0
0.0,46.644374993939635
62.00015895510326,44.39532773322434
68.4303457438393,8.524796356467974
61.55251291892488,0.0
64.88590023292825,5.472921919772367
66.22497771679568,4.45357044913005
67.42982853361764,-0.005000000000000001
69.22436481107611,4.694864559443351
71.4555148836937,19.44832374546033
0.0,0.0
0.0,0.0
0.0,0.0
0.0,0.0
0.0,0.0
0.0,0.0
0.0,9.072617563895257
13.201729680360666,22.08678348603613
56.62393575574868,2.024094279908664
61.14852176477425,0.0
63.4462562863295,5.884679481298156
65.8793272830742,0.8448173178010556
70.22642359857554,2.7998481842592224
70.8720455928356,5.574497432602807
71.43063872296771,9.532371577340092
0.0,0.0
0.0,0.0
0.0,0.0
0.0,0.0
0.0,0.0
0.0,0.0
0.0,16.80840447656135
50.583141536371656,21.40230182242412
57.857546486433016,1.3247639878491395
60.28328045478258,0.0
66.17806350708148,-0.005000000000000001
68.64457206314512,9.534932301842373
69.26286276017247,6.444957108214819
70.36816510031788,2.9128645078502595
71.14321387194204,1.9649062194090026
0.0,0.0
0.0,0.0
0.0,0.0
0.0,0.0
0.0,0.0
0.0,0.0
0.0,37.74604069117882
55.743615902725544,38.63240473817151
63.58256569495185,11.582764436671804
64.15122026775691,0.0
65.41083723134814,16.704280508573717
66.88206854824273,12.70717444868171
67.75988155370786,5.927627445229909
69.09064511027614,3.7697024530786956
67.18678534428058,0.08432789891074716
0.0,0.0
0.0,0.0
0.0,0.0
0.0,0.0
0.0,0.0
0.0,0.0
0.0,59.75547216462461
60.5427724775024,55.45195357932006
62.589107070883664,43.54471348342375
63.69738806071495,0.0
65.08629063667078,32.912091270335935
65.83185079792877,2.393193238649152
65.61404238144465,0.5325097481577409
61.61480287802073,0.02693555022179694
61.91496452191458,9.977553012229908
0.0,0.0
0.0,0.0
0.0,0.0
0.0,0.0
0.0,0.0
0.0,0.0
0.0,59.375958892487915
56.602247351936875,58.67658679700975
61.9621999237212,28.62136910431879
62.70851981846549,0.0
63.3767638096827,15.9074796271942
61.637322962863784,0.0
62.146260897171345,0.0
60.866574439856514,0.0
59.9806282697083,7.523950703638203
0.0,0.0
0.0,0.0
0.0,0.0
0.0,0.0
0.0,0.0
0.0,0.0
0.0,43.4202831853028
27.30238042932183,27.684533855434335
5.200969245351713,18.760549499829473
0.004887770371162871,0.0
0.5737559288255129,0.0
2.0183133158901163,0.0
0.22144129045835198,-0.005000000000000001
0.25147239760764517,0.0
58.459934762201605,29.99587359011808
0.0,0.0
0.0,0.0
0.0,0.0
0.0,0.0
0.0,0.0
0.0,0.0
0.0,12.264654475766502
-0.02200964334355427,17.051778384771296
-0.0419266586224948,0.022796485937511324
0.001787432247737834,0.0
0.18710698855566113,0.0
0.24135685571456433,-0.005000000000000001
0.16148796335858934,0.0
0.0,0.0
44.99774962123116,-0.009500000000000001
0.0,0.0
0.0,0.0
0.0,0.0
0.0,0.0
0.0,0.0
0.0,0.0
0.0,9.811709422500254
0.6148849241360224,8.454313829469154
-0.030892038845000004,-0.032566077995
-0.007768697224156018,0.0
0.15148033153986695,-0.009500000000000001
0.09490975,0.0
0.0,0.0
0.062910538,0.0
22.357687653941372,0.01532238126361423
0.0,0.0
0.0,0.0
0.0,0.0
0.0,0.0
0.0,0.0
0.0,0.0
0.0,4.934926937711355
0.1228118001800276,6.6026705224179
-0.053810990727927305,0.047045143895897895
-0.012893450000000002,0.0
0.086733829105,0.0
0.0,0.0
0.0,0.0
0.12658855607437916,0.0
9.694781271471594,-0.005000000000000001
0.0,0.0
0.0,0.0
0.0,0.0
0.0,0.0
0.0,0.0
0.0,0.0
0.0,6.3546433189404095
0.7198731160357478,6.359047220103367
0.046844659657381944,1.8301244139149726
-0.009500000000000001,0.0
0.0,0.0
0.0,0.0
0.0,0.0
1.348291436704794,0.0
3.0434258332407835,0.0
0.0,0.0
0.0,0.0
0.0,0.0
0.0,0.0
0.0,0.0
0.0,0.0
0.0,10.921807296014926
1.0568237897201676,12.8118680824147
-0.054006459632301246,1.1989101568314209
0.0,0.0
0.025,0.0
0.0475,0.0
6.867684989985982,0.0
26.65845560498719,0.0
50.603594411513775,0.4264817443719615
0.0,0.0
0.0,0.0
0.0,0.0
0.0,0.0
0.0,0.0
0.0,0.0
0.0,13.79465620754731
0.950529057761991,16.823770797548242
-0.03177303511444604,0.033835105311046984
-0.009500000000000001,0.0
0.0205,0.0
39.76410245867115,0.0
38.77847358398279,0.0
50.171316552547935,9.736766526781402
50.406914807483815,0.0
0.0,0.0
0.0,0.0
0.0,0.0
0.0,0.0
0.0,0.0
0.0,0.0
0.0,17.027393242491915
1.7031602127504533,18.53005986468947
11.788901900125136,17.57473385950729
42.01350308236863,0.0
48.2137201181878,1.1990381705529265
49.05057754402917,13.531118111064886
49.80006473809181,9.302318707809594
30.92596345230643,0.07672196473972331
0.0,0.0
0.0,0.0
0.0,0.0
0.0,0.0
0.0,0.0
0.0,0.0
0.0,0.0
0.0,17.74443689592644
23.963274389966493,16.330903580359042
39.47089847254294,1.4077649097570073
45.0815204385533,0.0
46.83081114122075,16.19746502532691
0.0,0.0
0.0,0.0
0.0,0.0
0.0,0.0
0.0,0.0
0.0,0.0
0.0,0.0
0.0,0.0
0.0,0.0
0.0,0.0
0.0,33.4210512899016
42.020881615521546,39.55522690926734
43.5957847835687,13.826731181401204
33.96549550508191,5.619068758725895
0.0,0.0
0.0,0.0
0.0,0.0
0.0,0.0
0.0,0.0
0.0,0.0
0.0,0.0
0.0,0.0
0.0,0.0
0.0,0.0
0.0,0.0
26.21949488421879,39.63471874250473
33.35788324358244,0.0
0.0,0.0
0.0,0.0
0.0,0.0
0.0,0.0
0.0,0.0
0.0,0.0
0.0,0.0
0.0,0.0
0.0,0.0
0.0,0.0
0.0,0.0
0.0,0.0
0.0,0.0
0.0,0.0
0.0,0.0
0.0,0.0
0.0,0.0
0.0,0.0
0.0,0.0
0.0,0.0
0.0,0.0
0.0,0.0
0.0,0.0
0.0,0.0
0.0,0.0
0.0,0.0
0.0,0.0
0.0,0.0
0.0,66.32237465688479
67.75400202595067,60.240697528351774
73.8104585130913,50.77866180491783
117.59926214411465,0.0
92.98195140685175,58.800602981849124
81.88975267671141,59.3133212690948
65.63811207176381,58.227957572611274
59.75324174482817,54.547262452482975
60.65966130980665,0.0
0.0,0.0
0.0,0.0
0.0,0.0
0.0,0.0
0.0,0.0
0.0,0.0
0.0,71.3343561822155
73.47701983369912,64.27223507403544
85.32778438363154,60.75532502625265
79.77942914626485,0.0
75.18153984777103,60.76113803537862
70.27025326057498,0.0
66.24275142077042,17.610463913103644
70.0924989593201,0.0
70.50339871566938,43.79307369545205
0.0,0.0
0.0,0.0
0.0,0.0
0.0,0.0
0.0,0.0
0.0,0.0
0.0,76.0331460065935
79.17360969547653,64.8339724745479
82.03215585145334,53.25599045063067
81.25165480367978,0.0
80.10446498733836,0.0
60.98224736020858,9.316222392154287
68.35202484921942,0.0
69.56305394718034,49.653421328349054
72.43112850068279,49.85911085735698
0.0,0.0
0.0,0.0
0.0,0.0
0.0,0.0
0.0,0.0
0.0,0.0
0.0,61.740723212059976
76.82026845834818,61.7306810127385
78.57562545004785,17.347710314499814
34.94998666446424,0.0
32.17173788557846,0.0
53.93632765452247,0.8223418155781177
70.184345506436,9.503117589743198
71.74727473540231,24.54065720086091
72.9716399034167,28.443691626153328
0.0,0.0
0.0,0.0
0.0,0.0
0.0,0.0
0.0,0.0
0.0,0.0
0.0,41.38576653713664
53.42900355109586,39.66608801556686
48.76361436597139,8.28177506180305
37.30593058869541,0.0
66.81171673018267,0.0
68.25505267041122,18.951376469110187
69.0851047041378,19.91109795931266
70.76675493576552,10.605519443996027
71.82256246855898,8.971331283971798
0.0,0.0
0.0,0.0
0.0,0.0
0.0,0.0
0.0,0.0
0.0,0.0
0.0,46.38534829770339
49.96633008128832,36.894738446419446
62.88113975746633,3.8520404871311835
64.55203023131457,0.0
65.84973002287538,14.831330500921172
65.81293396551322,12.617713230838113
67.02228276916992,14.96689515265154
68.8206367106387,4.5080346776182285
65.15455020562499,11.880799734750182
0.0,0.0
0.0,0.0
0.0,0.0
0.0,0.0
0.0,0.0
0.0,0.0
0.0,59.79539926204379
60.56323859032122,57.894769367236144
62.17035221367154,40.37408484713392
63.42044445129545,0.0
64.3546892229501,30.855303549650742
64.52216470653916,14.85847191079484
64.42182291426178,7.8629009256640945
60.407589248746135,-0.005000000000000001
59.73020643299969,11.857258129194108
0.0,0.0
0.0,0.0
0.0,0.0
0.0,0.0
0.0,0.0
0.0,0.0
0.0,59.193015506504956
57.233058105491196,58.48570760543335
61.6176410883539,23.82789382718863
62.403460917650165,0.0
62.94296558346201,7.5604091244549725
60.55721758467911,5.198664450888226
60.064639200830506,0.029163095844283907
58.65779591631308,8.10800646269578
58.02851526902508,43.512327572704365
0.0,0.0
0.0,0.0
0.0,0.0
0.0,0.0
0.0,0.0
0.0,0.0
0.0,59.512960551389284
34.43021839823752,27.63294067106244
7.653194068441659,20.292303071357217
3.6799905135303588,0.0
0.34218050884931894,-0.005000000000000001
0.0,0.0
1.3391258761115459,0.0
2.321657159350635,0.0
56.189819866749616,7.15266579652247
0.0,0.0
0.0,0.0
0.0,0.0
0.0,0.0
0.0,0.0
0.0,0.0
0.0,11.521391197568564
-0.0688847627042014,16.835484135590804
-0.0519046019769292,-0.011671929118039395
-0.0025250000000000003,0.0
0.3552886670071867,-0.005000000000000001
0.44591261125193743,0.0
0.4924198103127917,0.0
0.0475,0.0
32.477613035002015,0.0
0.0,0.0
0.0,0.0
0.0,0.0
0.0,0.0
0.0,0.0
0.0,0.0
0.0,9.866753685103497
-0.0565679771743079,6.288186867476113
-0.04235694258653987,0.2944225936108586
0.0313996064127333,0.0
0.26553123940338597,0.0
0.0,0.0
0.09268225000000001,0.0
0.049975000000000006,0.0
19.849858868501183,-0.005000000000000001
0.0,0.0
0.0,0.0
0.0,0.0
0.0,0.0
0.0,0.0
0.0,0.0
0.0,1.8909895966600456
0.021310149618274876,3.10928501224524
-0.07005322629420815,-0.005000000000000001
0.0,0.0
0.025,0.0
0.0475,0.0
0.0475,0.0
0.0,0.0
0.8118154852635423,0.0
0.0,0.0
0.0,0.0
0.0,0.0
0.0,0.0
0.0,0.0
0.0,0.0
0.0,3.449657405506339
-0.04875215070038087,3.0644567225847403
-0.031091733500000003,-0.026085155000000002
-0.009500000000000001,0.0
0.06593155,0.0
0.0475,0.0
0.0,0.0
0.075583923955,-0.005000000000000001
32.24944468593685,0.0
0.0,0.0
0.0,0.0
0.0,0.0
0.0,0.0
0.0,0.0
0.0,0.0
0.0,3.1990217483936316
0.004360414634611013,5.604494959043979
-0.06611353055863863,-0.036966789248522064
-0.009500000000000001,0.0
-0.0029705000000000005,0.0
0.0,0.0
0.0475,0.0
45.105901619588984,0.0976526805383311
50.99377685033422,4.394578051890658
0.0,0.0
0.0,0.0
0.0,0.0
0.0,0.0
0.0,0.0
0.0,0.0
0.0,7.2281459784625985
-0.06859903936496646,6.425180891110697
0.0,0.0
0.0,0.0
0.0,0.0
49.016760246691454,0.0
47.75200710531545,1.2485589095811267
50.64617286957247,3.9870592170088113
50.90307267869201,-0.017195000000000002
0.0,0.0
0.0,0.0
0.0,0.0
0.0,0.0
0.0,0.0
0.0,0.0
0.0,7.2428584516002426
-0.06199379269150183,11.739042661745934
-0.03534001399503004,0.0
47.61765661794339,0.0
48.461110604315195,7.267043645938509
49.38605893441832,8.566895998436387
50.25921263838209,5.494980817894716
35.27460808318938,1.2682693075487788
0.0,0.0
0.0,0.0
0.0,0.0
0.0,0.0
0.0,0.0
0.0,0.0
0.0,0.0
0.0,29.155261804628342
33.87640239062055,23.454757761926135
42.518547700840166,5.0167326807821455
45.562920046447346,0.0
47.13128140599485,12.94312324670512
0.0,0.0
0.0,0.0
0.0,0.0
0.0,0.0
0.0,0.0
0.0,0.0
0.0,0.0
0.0,0.0
0.0,0.0
0.0,0.0
0.0,38.608547426938166
42.14434338757892,37.28124439441866
44.429296343561695,8.874753258593907
30.41846393205557,2.7680275548053364
0.0,0.0
0.0,0.0
0.0,0.0
0.0,0.0
0.0,0.0
0.0,0.0
0.0,0.0
0.0,0.0
0.0,0.0
0.0,0.0
0.0,0.0
26.429464714024803,41.414867322736505
31.931613667629115,0.0
0.0,0.0
0.0,0.0
0.0,0.0
0.0,0.0
0.0,0.0
0.0,0.0
0.0,0.0
0.0,0.0
0.0,0.0
0.0,0.0
0.0,0.0
0.0,0.0
0.0,0.0
0.0,0.0
0.0,0.0
0.0,0.0
0.0,0.0
0.0,0.0
0.0,0.0
0.0,0.0
0.0,0.0
0.0,0.0
0.0,0.0
0.0,0.0
0.0,0.0
0.0,0.0
0.0,0.0
0.0,0.0
0.0,66.34984164328807
53.56284306778419,68.4965969506253
0.0,0.0
0.0,0.0
98.16346165591204,25.11848924759616
74.22421066783997,62.10760354289106
63.974838113889966,64.38198328911118
52.63018857029264,62.61819674931865
60.30605096038438,72.07289488708147
0.0,0.0
0.0,0.0
0.0,0.0
0.0,0.0
0.0,0.0
0.0,0.0
0.0,72.57188337872758
75.7063033806043,71.86888941017871
84.67015593469978,65.07762824841467
90.74189891505902,0.0
96.15881620039038,59.68588608813281
65.28402143841976,0.0
64.353594967894,0.0
71.20402838227702,0.0
69.59982007273766,70.94650219426168
0.0,0.0
0.0,0.0
0.0,0.0
0.0,0.0
0.0,0.0
0.0,0.0
0.0,77.62397929017332
79.42557507980995,70.71842659101658
81.82826269631406,60.4503200335536
81.011278481781,0.0
27.2539668606597,71.392540899296
3.5314579897179157,0.0
11.374149202998968,0.0
70.97962345461927,13.398270108727447
73.32031899818672,74.4007773163861
0.0,0.0
0.0,0.0
0.0,0.0
0.0,0.0
0.0,0.0
0.0,0.0
0.0,76.72152734967405
77.52059068063132,65.22120052135097
80.67412746683993,32.66670888976705
20.82892630641377,0.0
28.266849062059066,0.0
5.17049411949522,0.0
72.63381092697031,1.2512358629039033
73.91042913225445,56.28665129631909
74.32635200000075,51.664225824948765
0.0,0.0
0.0,0.0
0.0,0.0
0.0,0.0
0.0,0.0
0.0,0.0
0.0,61.19397010292572
19.363979393085334,61.595525575787036
6.907507295703001,16.605460672704883
4.1897756423999155,0.0
67.00286307880805,5.811139844910379
68.95793789395003,28.952750821666214
69.38132980834668,32.18707720093649
70.06763189201368,12.061098577698672
72.8966100095945,20.726598114932536
0.0,0.0
0.0,0.0
0.0,0.0
0.0,0.0
0.0,0.0
0.0,0.0
0.0,48.31225239895227
19.451301887167975,48.23077794188407
62.35688136657317,5.054266711211117
63.0664195546002,0.0
64.06470290871049,20.42199108404426
64.36366352183909,11.763430720121484
66.46130897747062,18.863687808269095
64.94770504950878,11.95588100805645
61.669166439885636,22.496409568753737
0.0,0.0
0.0,0.0
0.0,0.0
0.0,0.0
0.0,0.0
0.0,0.0
0.0,57.5825913033797
60.1328286991648,51.489761514421176
61.579337826777746,42.128268473400794
61.66471243430157,0.0
62.642085967234465,12.344024215483214
62.88046943688842,15.509435835262032
62.137275872167585,2.959806536223592
57.508261785932454,10.162069215985376
57.662497006935546,35.98587528375823
0.0,0.0
0.0,0.0
0.0,0.0
0.0,0.0
0.0,0.0
0.0,0.0
0.0,58.437574431593404
59.5157888582598,56.39477018527099
60.56453724870278,26.853534427088263
60.841127231811726,0.0
61.49033148374477,5.023857862238574
59.83048701252696,4.311221163562014
58.79218176479886,8.674422763514889
57.79393295261381,0.0
57.74883644563859,36.55924050906765
0.0,0.0
0.0,0.0
0.0,0.0
0.0,0.0
0.0,0.0
0.0,0.0
0.0,57.462753774012455
50.30991571580364,57.25743725036368
10.754803562151857,30.01136738209502
7.64630824489392,0.0
27.522364026257073,0.0
37.10875953970579,0.0
1.31701329708842,0.0
5.459524456140265,0.0
53.01501803463455,0.08757371022940312
0.0,0.0
0.0,0.0
0.0,0.0
0.0,0.0
0.0,0.0
0.0,0.0
0.0,22.782751409597346
-0.05245643706272521,32.78029695887719
10.854379845153055,-0.009500000000000001
18.43646725446522,0.0
0.7787601559369332,0.0
0.0475,0.0
0.1231068810668222,0.0
0.09948686032329307,-0.005000000000000001
23.64134341704518,-0.005000000000000001
0.0,0.0
0.0,0.0
0.0,0.0
0.0,0.0
0.0,0.0
0.0,0.0
0.0,15.357463563131404
4.508981183828814,7.425979198874983
4.38055788110986,9.234737014005866
0.18537274976184281,0.0
0.0205,0.0
0.0,0.0
0.025,0.0
0.14515050922630318,0.0
6.015523312660507,-0.005000000000000001
0.0,0.0
0.0,0.0
0.0,0.0
0.0,0.0
0.0,0.0
0.0,0.0
0.0,0.6813084749052579
-0.08239503648492234,2.9474368801494637
-0.021928438354719956,0.0
0.0,0.0
0.0,0.0
0.0,0.0
0.025,0.0
0.0522025,0.0
3.6289917005031,0.0639618031026191
0.0,0.0
0.0,0.0
0.0,0.0
0.0,0.0
0.0,0.0
0.0,0.0
0.0,1.2990602531160278
-0.08363782525407834,1.5002718627026674
-0.08774008405966126,-0.04828315808985375
0.0,0.0
0.0,0.0
0.0,0.0
0.0,0.0
0.025,0.0
49.98384225972466,-0.005000000000000001
0.0,0.0
0.0,0.0
0.0,0.0
0.0,0.0
0.0,0.0
0.0,0.0
0.0,1.72125918185669
-0.09177115018164209,2.1141162511817364
-0.08654787648807541,-0.047092513149848005
0.0,0.0
0.0,0.0
0.0,0.0
0.0,0.0
51.118474102838704,0.44624011824987636
51.32278022719609,0.9973876377900435
0.0,0.0
0.0,0.0
0.0,0.0
0.0,0.0
0.0,0.0
0.0,0.0
0.0,1.3683203307867775
-0.008112733583408714,0.37266874842877307
0.0,0.0
0.0,0.0
0.0,0.0
0.0,0.0
17.834399385504355,0.0
51.24711291189773,0.6253704966234769
51.30884158159793,0.053812094552601476
0.0,0.0
0.0,0.0
0.0,0.0
0.0,0.0
0.0,0.0
0.0,0.0
0.0,0.5032926515831321
0.0,0.0
0.0,0.0
0.0,0.0
48.68069391516385,0.0
49.66861032745737,1.5350942128391787
50.703661448418444,2.1729281290757463
35.964801026982265,0.250923820614542
0.0,0.0
0.0,0.0
0.0,0.0
0.0,0.0
0.0,0.0
0.0,0.0
0.0,0.0
0.0,4.847110367705242
9.2651378673131,-0.005495000000000001
8.411694842719948,0.0
45.55499115986219,0.0
47.122684970147105,5.378098486810451
0.0,0.0
0.0,0.0
0.0,0.0
0.0,0.0
0.0,0.0
0.0,0.0
0.0,0.0
0.0,0.0
0.0,0.0
0.0,0.0
0.0,38.74313128381544
42.843220025794196,35.83073819631899
44.47599975771749,5.896918519133762
32.01438337092451,2.5960853207131134
0.0,0.0
0.0,0.0
0.0,0.0
0.0,0.0
0.0,0.0
0.0,0.0
0.0,0.0
0.0,0.0
0.0,0.0
0.0,0.0
0.0,0.0
23.599046255475706,41.612238619654825
29.386151472051278,0.0
0.0,0.0
0.0,0.0
0.0,0.0
0.0,0.0
0.0,0.0
0.0,0.0
0.0,0.0
0.0,0.0
0.0,0.0
0.0,0.0
0.0,0.0
0.0,0.0
0.0,0.0
0.0,0.0
0.0,0.0
0.0,0.0
0.0,0.0
0.0,0.0
0.0,0.0
0.0,0.0
0.0,0.0
0.0,0.0
0.0,0.0
0.0,0.0
0.0,0.0
0.0,0.0
0.0,0.0
0.0,0.0
0.0,0.0
0.0,0.0
0.0,0.0
0.0,0.0
0.0,0.0
-1.0230696442660996,4.211823317733984
-33.269205587941514,68.19672796910592
-31.609367941601583,63.45401167993081
-1.0451831342684779,67.97728644727125
0.0,0.0
0.0,0.0
0.0,0.0
0.0,0.0
0.0,0.0
0.0,0.0
0.0,0.0
0.0,0.0
0.0,0.0
6.749529072714381,0.0
-8.0525,7.22819734892599
-10.0,6.5517824905686854
-27.1,0.0
-10.0,0.0
-30.32152423675152,71.13099822947247
0.0,0.0
0.0,0.0
0.0,0.0
0.0,0.0
0.0,0.0
0.0,0.0
0.0,75.84010609238929
29.6730701858773,73.88148503005111
33.295617034066694,57.458539759533885
29.491897345324386,59.597947352898295
-3.166169211807165,72.2189975597293
-7.22225,32.53906378154677
-9.975025,0.2269894545244569
3.5936612414272227,73.45055118496742
72.73923416484226,75.41528448706123
0.0,0.0
0.0,0.0
0.0,0.0
0.0,0.0
0.0,0.0
0.0,0.0
0.0,75.11784871855953
73.5893466837606,75.35816620387688
48.3319507405353,5.55566920204871
31.999656871684714,0.0
1.273435596882805,30.684649882160755
0.07692554275,0.0
71.34017566075102,21.696526481760582
68.22817506241293,75.2251342182013
73.31933769143045,75.23223137038914
0.0,0.0
0.0,0.0
0.0,0.0
0.0,0.0
0.0,0.0
0.0,0.0
0.0,71.21082142371733
28.221192579908095,72.48509563170224
10.924996982196525,18.3822693187403
6.052928305754284,0.0
55.19368263838562,0.0
65.02887770814462,24.02680125104815
66.92211157861553,36.81826985061299
68.0869922946315,25.165469266185113
67.65222704348484,29.238633821003496
0.0,0.0
0.0,0.0
0.0,0.0
0.0,0.0
0.0,0.0
0.0,0.0
0.0,43.83139872276311
16.301948329068033,45.65827791303274
59.59440132027406,-0.0012084179371038388
56.366725382716126,0.0
59.857951248727815,2.9267559071444604
61.52945744490874,6.781530455011767
62.333923070540116,9.245184423800325
62.64260691824143,21.73847249177654
58.98712068453752,21.06720460875608
0.0,0.0
0.0,0.0
0.0,0.0
0.0,0.0
0.0,0.0
0.0,0.0
0.0,55.609090471327264
56.06651762685928,51.8507337549199
59.151370122311356,26.905880477766644
57.84705479359404,0.0
58.95421224385201,11.847589258793363
59.72398390754298,0.7008362977630385
59.732557740152274,0.489897487364246
58.01683305289869,15.060118214379093
57.07387196936864,44.03336157757844
0.0,0.0
0.0,0.0
0.0,0.0
0.0,0.0
0.0,0.0
0.0,0.0
0.0,56.910069689097
54.19642085370073,56.48226326380492
57.48564653327501,20.759185367331572
56.617918822954096,0.0
56.18559111324307,3.4577032511865435
54.3625079075553,-0.009500000000000001
58.72291385432714,12.714349876744759
57.961995993107514,19.030204355441004
58.324405131415524,27.881172004286025
0.0,0.0
0.0,0.0
0.0,0.0
0.0,0.0
0.0,0.0
0.0,0.0
0.0,55.3539858157657
43.99112469605326,55.9986136119933
16.89546920810404,0.23547792281741492
23.39179805284851,0.0
23.723752854472945,-0.009500000000000001
24.6959058512759,0.0
0.4068750060711443,0.0
5.009574305308532,0.0
35.12548278284054,3.382222434380459
0.0,0.0
0.0,0.0
0.0,0.0
0.0,0.0
0.0,0.0
0.0,0.0
0.0,54.864251617437574
2.804496803901899,56.07096173237276
8.040911041671567,-0.009500000000000001
2.5923964810970164,0.0
0.025,0.0
0.025,0.0
0.025,0.0
0.0,0.0
23.31080473587937,0.0
0.0,0.0
0.0,0.0
0.0,0.0
0.0,0.0
0.0,0.0
0.0,0.0
0.0,29.806282538570468
5.331709294384347,2.832180600304594
1.9844355598109775,6.13738888013246
-0.005000000000000001,0.0
0.06141761845,0.0
0.052447525,0.0
0.0,0.0
0.0793048529798928,0.0
0.9778748588200542,-0.009500000000000001
0.0,0.0
0.0,0.0
0.0,0.0
0.0,0.0
0.0,0.0
0.0,0.0
0.0,2.2116337339394248
-0.03845893129676667,3.547984419702477
0.001454875221775044,0.5508792439815868
-0.0074705000000000014,0.0
0.0,0.0
0.0,0.0
0.0,0.0
0.0,0.0
31.81118216872442,0.10545093677020677
0.0,0.0
0.0,0.0
0.0,0.0
0.0,0.0
0.0,0.0
0.0,0.0
0.0,0.7824653512324955
-0.08857936893239053,0.357111695841256
-0.09216433979861376,-0.04874842224750338
0.0,0.0
0.0,0.0
0.0,0.0
0.0,0.0
0.0,0.0
52.09005725482871,0.0036727044274588133
0.0,0.0
0.0,0.0
0.0,0.0
0.0,0.0
0.0,0.0
0.0,0.0
0.0,0.1751625189492965
-0.0810025646525398,0.17977265433533385
0.0,0.0
0.0,0.0
0.0,0.0
0.0,0.0
0.0,0.0
18.622750261261153,0.0
51.66745620870901,0.5318569437906322
0.0,0.0
0.0,0.0
0.0,0.0
0.0,0.0
0.0,0.0
0.0,0.0
0.0,0.1759015747041165
0.0,0.0
0.0,0.0
0.0,0.0
0.0,0.0
0.0,0.0
0.0,0.0
51.63980092687596,0.23033996887462838
52.049766636757695,-0.046479404325451126
0.0,0.0
0.0,0.0
0.0,0.0
0.0,0.0
0.0,0.0
0.0,0.0
0.0,0.0
0.0,0.0
0.0,0.0
0.0,0.0
0.0,0.0
3.080018011908291,0.0
27.837850206241903,0.013688768379301802
32.577806916820805,-0.019891378207751474
0.0,0.0
0.0,0.0
0.0,0.0
0.0,0.0
0.0,0.0
0.0,0.0
0.0,0.0
0.0,0.0
0.0,0.0
0.0,0.0
0.0,0.0
0.0,0.0
0.0,0.0
0.0,0.0
0.0,0.0
0.0,0.0
0.0,0.0
0.0,0.0
0.0,0.0
0.0,0.0
0.0,0.0
0.0,0.0
0.0,23.135381315509562
41.078187849682266,31.45840896964733
11.356077896338567,0.0
0.0,0.0
0.0,0.0
0.0,0.0
0.0,0.0
0.0,0.0
0.0,0.0
0.0,0.0
0.0,0.0
0.0,0.0
0.0,0.0
0.0,0.0
0.0,0.0
25.416848125222284,40.599926601952255
31.387472674537175,0.0
0.0,0.0
0.0,0.0
0.0,0.0
0.0,0.0
0.0,0.0
0.0,0.0
0.0,0.0
0.0,0.0
0.0,0.0
0.0,0.0
0.0,0.0
0.0,0.0
0.0,0.0
0.0,0.0
0.0,0.0
0.0,0.0
0.0,0.0
0.0,0.0
0.0,0.0
0.0,0.0
0.0,0.0
0.0,0.0
0.0,0.0
0.0,0.0
0.0,0.0
0.0,0.0
0.0,0.0
0.0,0.0
0.0,0.0
0.0,0.0
0.0,0.0
0.0,0.0
0.0,0.0
0.0,0.0
0.0,0.0
0.0,0.0
0.0,0.0
0.0,0.0
0.0,0.0
0.0,0.0
0.0,0.0
0.0,0.0
0.0,0.0
0.0,0.0
0.0,0.0
0.0,0.0
0.0,0.0
0.0,0.0
0.0,0.0
0.0,0.0
0.0,0.0
0.0,0.0
0.0,0.0
0.0,0.0
0.0,0.0
0.0,0.0
0.0,0.0
0.0,0.0
0.0,-51.85602153132061
-15.515212838143675,-25.114658791873126
13.299043053987647,68.73479418863921
-40.27561680243701,0.0
-39.42831938074633,18.43188938598464
-8.02630973225,1.9835554087711984
-9.950074975000001,0.0
39.997993927277484,7.364795901826709
-12.311058030441915,-7.609306307700433
0.0,0.0
0.0,0.0
0.0,0.0
0.0,0.0
0.0,0.0
0.0,0.0
0.0,64.33777478110981
64.0023531216235,40.32257751971962
46.44597972697932,55.36511289095615
12.97759537564612,0.0
9.901364016705838,0.0
0.173787357278275,0.0
33.82556165260216,0.0
64.32864977884029,67.52838311002283
65.08518919603135,68.32355252884545
0.0,0.0
0.0,0.0
0.0,0.0
0.0,0.0
0.0,0.0
0.0,0.0
0.0,66.95747129968107
36.49082776138444,67.59417618032529
3.2461772042239283,2.2767324142132495
5.945767647344357,0.0
14.886438774223112,1.3964953403782978
52.01572044229613,0.0
58.21555857242496,8.32531030349764
63.606033148129555,19.144980607042243
62.84576811107272,66.81074522814505
0.0,0.0
0.0,0.0
0.0,0.0
0.0,0.0
0.0,0.0
0.0,0.0
0.0,58.43663122371455
1.9665899831623486,57.505518758658816
15.948871063997547,0.6801955414043742
46.682506748169395,0.0
54.92796887399746,1.8551296595172193
58.279655256743936,2.088385941141279
59.60569453952058,20.984212480924263
60.074924554512315,21.161200141650074
56.38349077135125,38.167904588386506
0.0,0.0
0.0,0.0
0.0,0.0
0.0,0.0
0.0,0.0
0.0,0.0
0.0,54.31553573102134
47.6167122675418,52.85161111570793
47.58702968247079,4.107566585273112
52.494396803349865,0.0
53.64034234150087,13.339580043869432
54.936050435133936,7.268872702513562
57.174011642457074,1.1842450606415162
57.103400300625594,9.00414360730406
55.854759626496715,28.008498351764924
0.0,0.0
0.0,0.0
0.0,0.0
0.0,0.0
0.0,0.0
0.0,0.0
0.0,54.38163344859112
51.24191560185502,54.229483952304
50.00869149159345,7.293510821816537
49.079254184758646,0.0
49.811229815472174,0.0
49.74453209022605,8.949283375804733
56.23895908141383,6.191529437463675
57.879522184299596,5.340648572753049
57.99642954198211,9.446285567889976
0.0,0.0
0.0,0.0
0.0,0.0
0.0,0.0
0.0,0.0
0.0,0.0
0.0,53.82018230932266
41.8930698194025,54.374366334421445
20.13396028966849,41.978419132730494
2.334902442893338,0.0
2.8365149737275805,0.0
13.598220047865547,0.0
0.058695777988607124,0.0
0.20998623182983112,0.0
29.29895834544168,0.0
0.0,0.0
0.0,0.0
0.0,0.0
0.0,0.0
0.0,0.0
0.0,0.0
0.0,53.73758602831808
24.732407798764836,54.054418448211685
12.729758762776502,-0.026085155000000002
0.39216924789702534,0.0
0.0297025,0.0
0.09268225000000001,0.0
0.0924325225,0.0
0.07571577511453532,0.0
10.02684416736515,-0.005000000000000001
0.0,0.0
0.0,0.0
0.0,0.0
0.0,0.0
0.0,0.0
0.0,0.0
0.0,52.625124118449904
2.3740493441830193,31.905955190351115
0.20957562010646152,0.35816901732355133
-0.013550000000000003,0.0
0.14366127422245434,0.0
0.049975000000000006,0.0
0.0,0.0
0.0,0.0
6.666783615599602,-0.009500000000000001
0.0,0.0
0.0,0.0
0.0,0.0
0.0,0.0
0.0,0.0
0.0,0.0
0.0,5.011187537984161
-0.016467629,9.001335793623184
0.08378892262179104,0.4799841702049705
-0.0035598435395079843,0.0
0.0,0.0
0.0,0.0
0.0,0.0
0.0,0.0
52.7316139741664,0.0
0.0,0.0
0.0,0.0
0.0,0.0
0.0,0.0
0.0,0.0
0.0,0.0
0.0,3.1222251333211584
0.07399906283909254,-0.0018871833560953621
-0.031205678616090058,0.0
0.0,0.0
0.0,0.0
0.0,0.0
0.0,0.0
0.0,0.0
52.06335474088636,1.4082130567694013
0.0,0.0
0.0,0.0
0.0,0.0
0.0,0.0
0.0,0.0
0.0,0.0
0.0,-0.11290791587647175
-0.06705786162250879,-0.1153975374333647
0.0,0.0
0.0,0.0
0.0,0.0
0.0,0.0
0.0,0.0
0.0,0.0
51.93570850446492,0.9954434485700742
0.0,0.0
0.0,0.0
0.0,0.0
0.0,0.0
0.0,0.0
0.0,0.0
0.0,-0.005000000000000001
0.0,0.0
0.0,0.0
0.0,0.0
0.0,0.0
0.0,0.0
0.0,0.0
16.195917560462302,0.0
51.91708621490986,-0.03587852317595
0.0,0.0
0.0,0.0
0.0,0.0
0.0,0.0
0.0,0.0
0.0,0.0
0.0,0.0
0.0,0.0
0.0,0.0
0.0,0.0
0.0,0.0
0.0,0.0
0.0,0.0
0.0,0.0
0.0,0.0
0.0,0.0
0.0,0.0
0.0,0.0
0.0,0.0
0.0,0.0
0.0,0.0
0.0,0.0
0.0,0.0
0.0,0.0
0.0,0.0
0.0,0.0
0.0,0.0
0.0,0.0
0.0,0.0
0.0,0.0
0.0,0.0
0.0,0.0
0.0,0.0
0.0,0.0
0.0,0.0
0.0,0.0
0.0,0.0
0.0,0.0
0.0,0.0
0.0,0.0
0.0,0.0
0.0,0.0
0.0,0.0
0.0,0.0
0.0,0.0
0.0,0.0
0.0,0.0
0.0,0.0
0.0,0.0
0.0,0.0
0.0,0.0
13.095696625524063,38.89967300838193
10.416660566158262,0.0
0.0,0.0
0.0,0.0
0.0,0.0
0.0,0.0
0.0,0.0
0.0,0.0
0.0,0.0
0.0,0.0
0.0,0.0
0.0,0.0
0.0,0.0
0.0,0.0
0.0,0.0
0.0,0.0
0.0,0.0
0.0,0.0
0.0,0.0
0.0,0.0
0.0,0.0
0.0,0.0
0.0,0.0
0.0,0.0
0.0,0.0
0.0,0.0
0.0,0.0
0.0,0.0
0.0,0.0
0.0,0.0
0.0,0.0
0.0,0.0
0.0,0.0
0.0,0.0
0.0,0.0
0.0,0.0
0.0,0.0
0.0,0.0
0.0,0.0
0.0,0.0
0.0,0.0
0.0,0.0
0.0,0.0
0.0,0.0
0.0,0.0
0.0,0.0
0.0,0.0
0.0,0.0
0.0,0.0
0.0,0.0
0.0,0.0
0.0,0.0
0.0,0.0
0.0,0.0
0.0,0.0
0.0,0.0
0.0,0.0
0.0,0.0
0.0,0.0
0.0,0.0
0.0,-76.8190757170482
-72.63923141060808,-17.700870710962473
-82.86180007062946,3.192199870758083
-48.22169078930101,0.0
-42.847950342011735,5.173819342635137
1.494680747073941,-0.005000000000000001
-18.9780175,-0.005000000000000001
-27.079770250000003,0.7249811292181562
-67.48350783116122,19.933678268436257
0.0,0.0
0.0,0.0
0.0,0.0
0.0,0.0
0.0,0.0
0.0,0.0
0.0,37.048773834695176
27.31337721166958,40.26513791145733
10.634741331441584,-0.014586905198719129
1.9110791045134454,0.0
1.8206815821858326,0.0
0.17772021707783073,0.0
3.5743133585365108,0.0
53.57818602286294,4.890020244322108
47.91267153458369,54.4100333759587
0.0,0.0
0.0,0.0
0.0,0.0
0.0,0.0
0.0,0.0
0.0,0.0
0.0,60.64629915033556
29.07480148982473,55.747345770011094
10.705969674328111,26.014706173415693
0.5140681788300613,0.0
0.0,0.0
43.12644511817727,0.0
49.164847758085976,54.080887469297124
56.69690008178801,3.8698975500878743
55.45375469033912,59.8700468266348
0.0,0.0
0.0,0.0
0.0,0.0
0.0,0.0
0.0,0.0
0.0,0.0
0.0,59.79043769026808
16.69359707807779,59.275420945860844
1.661467387225897,6.4810273737054205
20.45901655651611,0.0
39.829695937945615,6.402292492906025
51.38497397307786,1.8320848756883734
55.80305188452065,0.0
56.74928540432755,5.362491292372887
56.21131822430599,42.0640365342352
0.0,0.0
0.0,0.0
0.0,0.0
0.0,0.0
0.0,0.0
0.0,0.0
0.0,53.04982448693977
25.27167483629529,52.846610034480555
30.293344733082176,5.084040501536732
32.75242078797552,0.0
42.35396733989703,2.3269255792100765
49.33675060335835,0.0
55.534481661963014,1.7473527051338615
58.37760032446299,2.3736150317152354
56.36978708260321,21.70888595409322
0.0,0.0
0.0,0.0
0.0,0.0
0.0,0.0
0.0,0.0
0.0,0.0
0.0,51.88256266779726
20.325694854108285,52.433966268586815
30.603606596450508,5.005143376377801
26.29628132312968,0.0
27.118282501186002,-0.005000000000000001
35.991163827555205,0.0
53.58912855023271,2.244705721200109
57.0628477807788,7.779013884419223
57.85722808750381,4.75179493869358
0.0,0.0
0.0,0.0
0.0,0.0
0.0,0.0
0.0,0.0
0.0,0.0
0.0,52.45259074578556
40.06350917834159,52.36583069024067
23.505021925923984,41.2175951044038
5.701855535986861,0.0
11.639314048005522,0.30462299463864967
22.50216560412344,0.0
0.0,0.0
1.4074914345302125,0.0
31.227841056197555,0.0
0.0,0.0
0.0,0.0
0.0,0.0
0.0,0.0
0.0,0.0
0.0,0.0
0.0,52.23365912066468
23.297508739838126,52.40326127264329
17.959596546918956,10.064610130224393
5.9517471357516785,0.0
3.132791292933913,0.0
0.0,0.0
0.1925167236612472,0.0
0.37505061666505884,0.0
1.8748197769796127,-0.005000000000000001
0.0,0.0
0.0,0.0
0.0,0.0
0.0,0.0
0.0,0.0
0.0,0.0
0.0,52.60472428934206
18.548654103293774,51.47440976769568
0.8743114425733222,1.5084429075560535
0.6281536295972281,0.0
0.14520358169158018,-0.005000000000000001
0.1542424594755577,0.0
0.0,0.0
0.0,0.0
40.03686729869907,0.0
0.0,0.0
0.0,0.0
0.0,0.0
0.0,0.0
0.0,0.0
0.0,0.0
0.0,13.478621637275335
-0.034464020741842134,28.277222450635026
-0.0026346461354182678,-0.009500000000000001
-0.003924686613574096,0.0
0.0,0.0
0.0,0.0
0.0,0.0
0.0,0.0
53.59022936550961,5.453534308823319
0.0,0.0
0.0,0.0
0.0,0.0
0.0,0.0
0.0,0.0
0.0,0.0
0.0,8.6415051953098
-0.06784155589974801,-0.08748053480059337
0.0,0.0
0.0,0.0
0.0,0.0
0.0,0.0
0.0,0.0
0.0,0.0
52.102324056421395,3.8139693877379797
0.0,0.0
0.0,0.0
0.0,0.0
0.0,0.0
0.0,0.0
0.0,0.0
0.0,-0.0541520825042394
0.0,0.0
0.0,0.0
0.0,0.0
0.0,0.0
0.0,0.0
0.0,0.0
0.0,0.0
52.42540035553819,3.0225134036609385
0.0,0.0
0.0,0.0
0.0,0.0
0.0,0.0
0.0,0.0
0.0,0.0
0.0,0.0
0.0,0.0
0.0,0.0
0.0,0.0
0.0,0.0
0.0,0.0
0.0,0.0
0.0,0.0
12.873959890586843,0.0
0.0,0.0
0.0,0.0
0.0,0.0
0.0,0.0
0.0,0.0
0.0,0.0
0.0,0.0
0.0,0.0
0.0,0.0
0.0,0.0
0.0,0.0
0.0,0.0
0.0,0.0
0.0,0.0
0.0,0.0
0.0,0.0
0.0,0.0
0.0,0.0
0.0,0.0
0.0,0.0
0.0,0.0
0.0,0.0
0.0,0.0
0.0,0.0
0.0,0.0
0.0,0.0
0.0,0.0
0.0,0.0
0.0,0.0
0.0,0.0
0.0,0.0
0.0,0.0
0.0,0.0
0.0,0.0
0.0,0.0
0.0,0.0
0.0,0.0
0.0,0.0
0.0,0.0
0.0,0.0
0.0,0.0
0.0,0.0
0.0,0.0
0.0,0.0
0.0,0.0
0.0,0.0
0.0,0.0
0.0,0.0
0.0,0.0
0.0,0.0
0.0,0.0
0.0,0.0
0.0,0.0
0.0,0.0
0.0,0.0
0.0,0.0
0.0,0.0
0.0,0.0
0.0,0.0
0.0,0.0
0.0,0.0
0.0,0.0
0.0,0.0
0.0,0.0
0.0,0.0
0.0,0.0
0.0,0.0
0.0,0.0
0.0,0.0
0.0,0.0
0.0,0.0
0.0,0.0
0.0,0.0
0.0,0.0
0.0,0.0
0.0,0.0
0.0,0.0
0.0,0.0
0.0,0.0
0.0,0.0
0.0,0.0
0.0,0.0
0.0,0.0
0.0,0.0
0.0,0.0
0.0,0.0
0.0,0.0
0.0,0.0
0.0,0.0
0.0,0.0
0.0,0.0
0.0,0.0
0.0,0.0
0.0,0.0
0.0,0.0
0.0,0.0
0.0,0.0
0.0,0.0
0.0,0.0
0.0,0.0
0.0,0.0
0.0,0.0
0.0,0.0
0.0,0.0
0.0,0.0
0.0,0.0
0.0,0.0
0.0,0.0
0.0,0.0
0.0,0.0
0.0,0.0
0.0,-7.733194817133446
-28.005868051389164,-80.01784127223546
-98.46821997780326,1.6542876313174584
-21.075038126084973,0.0
-25.38818161016874,2.825106120264675
1.4419935295430781,0.0
-99.12720364319121,0.0
1.680387153380616,0.0
-62.25741548422467,19.80591220648237
0.0,0.0
0.0,0.0
0.0,0.0
0.0,0.0
0.0,0.0
0.0,0.0
0.0,34.326719646817686
14.803524414250898,33.173302784977615
2.348352957083778,2.361664855169093
2.63994156543903,0.0
3.2810541699216884,-0.005000000000000001
1.7091440933595998,0.0
0.13069010902446024,0.0
1.3337835965540876,0.0
43.75730052228258,43.7120142022433
0.0,0.0
0.0,0.0
0.0,0.0
0.0,0.0
0.0,0.0
0.0,0.0
0.0,51.40412131746654
25.9626602492445,52.524636964538786
2.292897230769509,-0.005000000000000001
2.1893683285562067,0.0
0.817424088744716,0.0
0.0,0.0
13.178496786792211,0.0
51.37957061448114,10.617474109205542
41.21692128314241,52.16665958810794
0.0,0.0
0.0,0.0
0.0,0.0
0.0,0.0
0.0,0.0
0.0,0.0
0.0,56.06821587085623
24.946448254649333,56.75902815864106
0.46153461919208494,0.0
0.0,0.0
1.0062960550717446,0.0
8.640499012124506,0.0
49.10850229346098,5.35532115240584
54.959975876693996,10.84174513400933
55.589300005976405,56.53413400961442
0.0,0.0
0.0,0.0
0.0,0.0
0.0,0.0
0.0,0.0
0.0,0.0
0.0,49.434225719453835
4.427665343744727,47.06154118743781
2.3080937455093062,2.2149021837995977
0.43840801086656517,0.0
3.8542473191839948,0.0
22.776919957602654,1.5582876946654252
35.25708742051832,0.0
58.006592975347004,3.5949024799039093
57.01201235865328,19.978608563883917
0.0,0.0
0.0,0.0
0.0,0.0
0.0,0.0
0.0,0.0
0.0,0.0
0.0,34.87808695333387
7.655009837665503,42.285496429271944
8.657028024795384,0.0
8.979119915867718,0.0
12.242223321610707,0.0
21.213474498112593,4.089340319014763
43.5405865255463,0.0
56.26904890843954,0.0
57.24488609630294,3.0128889372566485
0.0,0.0
0.0,0.0
0.0,0.0
0.0,0.0
0.0,0.0
0.0,0.0
0.0,51.52196493264605
29.421570967249743,51.361145204821014
10.340336735722774,2.258430124248419
9.776069755543944,0.0
14.70769720448829,5.417109747924634
18.867749922137975,0.3839802290375458
1.016227637991495,0.0
4.635030344832687,0.0
2.185421696511278,12.073654150739221
0.0,0.0
0.0,0.0
0.0,0.0
0.0,0.0
0.0,0.0
0.0,0.0
0.0,51.963828774434205
27.117769851664654,52.271721608102276
12.276452079752266,0.44664594336419544
12.28271337514672,0.0
1.5682465170003512,0.0
1.0843223664174777,0.0
0.6264718060376848,0.0
0.7304872312774755,0.0
2.6287800027425834,0.0
0.0,0.0
0.0,0.0
0.0,0.0
0.0,0.0
0.0,0.0
0.0,0.0
0.0,52.80452396537525
25.971763305433942,52.71064940819911
0.8676871951401175,-0.009500000000000001
1.3858750888751228,0.0
1.2404386987681386,-0.005000000000000001
0.0,0.0
0.0,0.0
0.0,0.0
54.40298327755888,52.7447170108925
0.0,0.0
0.0,0.0
0.0,0.0
0.0,0.0
0.0,0.0
0.0,0.0
0.0,17.856211482307863
1.1827004058429589,26.29112996549267
0.8163779599639208,0.0
0.0,0.0
0.0,0.0
0.0,0.0
0.0,0.0
0.0,0.0
51.7559409571465,8.597456393147347
0.0,0.0
0.0,0.0
0.0,0.0
0.0,0.0
0.0,0.0
0.0,0.0
0.0,14.289956629235622
0.0,-0.061189647737003
0.0,0.0
0.0,0.0
0.0,0.0
0.0,0.0
0.0,0.0
0.0,0.0
51.64691776127179,6.757432918232413
0.0,0.0
0.0,0.0
0.0,0.0
0.0,0.0
0.0,0.0
0.0,0.0
0.0,0.0
0.0,0.0
0.0,0.0
0.0,0.0
0.0,0.0
0.0,0.0
0.0,0.0
0.0,0.0
52.64943578442649,2.809192437861676
0.0,0.0
0.0,0.0
0.0,0.0
0.0,0.0
0.0,0.0
0.0,0.0
0.0,0.0
0.0,0.0
0.0,0.0
0.0,0.0
0.0,0.0
0.0,0.0
0.0,0.0
0.0,0.0
0.0,0.0
0.0,0.0
0.0,0.0
0.0,0.0
0.0,0.0
0.0,0.0
0.0,0.0
0.0,0.0
0.0,0.0
0.0,0.0
0.0,0.0
0.0,0.0
0.0,0.0
0.0,0.0
0.0,0.0
0.0,0.0
0.0,0.0
0.0,0.0
0.0,0.0
0.0,0.0
0.0,0.0
0.0,0.0
0.0,0.0
0.0,0.0
0.0,0.0
0.0,0.0
0.0,0.0
0.0,0.0
0.0,0.0
0.0,0.0
0.0,0.0
0.0,0.0
0.0,0.0
0.0,0.0
0.0,0.0
0.0,0.0
0.0,0.0
0.0,0.0
0.0,0.0
0.0,0.0
0.0,0.0
0.0,0.0
0.0,0.0
0.0,0.0
0.0,0.0
0.0,0.0
0.0,0.0
0.0,0.0
0.0,0.0
0.0,0.0
0.0,0.0
0.0,0.0
0.0,0.0
0.0,0.0
0.0,0.0
0.0,0.0
0.0,0.0
0.0,0.0
0.0,0.0
0.0,0.0
0.0,0.0
0.0,0.0
0.0,0.0
0.0,0.0
0.0,0.0
0.0,0.0
0.0,0.0
0.0,0.0
0.0,0.0
0.0,0.0
0.0,0.0
0.0,0.0
0.0,0.0
0.0,0.0
0.0,0.0
0.0,0.0
0.0,0.0
0.0,0.0
0.0,0.0
0.0,0.0
0.0,0.0
0.0,0.0
0.0,0.0
0.0,0.0
0.0,0.0
0.0,0.0
0.0,0.0
0.0,0.0
0.0,0.0
0.0,0.0
0.0,0.0
0.0,0.0
0.0,0.0
0.0,0.0
0.0,0.0
0.0,0.0
0.0,0.0
0.0,0.0
0.0,0.0
0.0,0.0
0.0,0.0
0.0,0.0
0.0,0.0
0.0,0.0
0.0,0.0
0.0,0.0
0.0,0.0
0.0,0.0
0.0,0.0
0.0,0.0
0.0,0.0
0.0,0.0
0.0,-5.166402168038831
4.00612205961946,-96.36954065797654
-99.23560350713589,0.26810475027916303
-9.8639875,0.0
-18.8198514145,0.2375
0.395890745,0.0
-46.8559,0.0
0.0,0.0
-39.8521336793396,9.06105890532426
0.0,0.0
0.0,0.0
0.0,0.0
0.0,0.0
0.0,0.0
0.0,0.0
0.0,39.81250319182158
6.75164189178787,39.77472862732898
2.6118118554780487,0.26878485152375
1.4480701845247297,0.0
0.7049859682993377,0.0
0.23729096389999998,0.0
0.19584493035267334,1.0826811850243028
9.782022365060886,0.0
32.423993101695835,34.40944750091444
0.0,0.0
0.0,0.0
0.0,0.0
0.0,0.0
0.0,0.0
0.0,0.0
0.0,49.45885377789521
9.396210949514316,50.452276418744695
1.0579734776818208,0.0
0.6857914616054265,0.0
0.283784,0.0
0.496669786205,0.0
0.15287755,0.0
45.49379360194516,3.8616312821815786
41.44952110126243,46.864980195333374
0.0,0.0
0.0,0.0
0.0,0.0
0.0,0.0
0.0,0.0
0.0,0.0
0.0,56.41774652555051
25.12929611155946,57.38511294709819
0.3475614502983422,0.0
0.46622428550000006,0.0
0.53869511067305,0.0
0.0,0.0
0.5741379353699689,0.0
43.085673276967995,1.9458902527358437
56.34281346560832,56.80955919732996
0.0,0.0
0.0,0.0
0.0,0.0
0.0,0.0
0.0,0.0
0.0,0.0
0.0,43.7445441351073
2.3459020814061016,29.66983841626487
0.512070125,0.0
0.27213886249999997,0.0
0.49620309859174827,0.0
13.212598898747922,0.0
23.26727025040601,2.5323234611744594
51.44869631513199,0.0
55.72270517223677,26.139629154473152
0.0,0.0
0.0,0.0
0.0,0.0
0.0,0.0
0.0,0.0
0.0,0.0
0.0,9.480376204042512
0.0,22.335798362777552
0.4381801603272891,0.0
7.66798175137413,0.0
9.38781568422774,0.0
10.548788068949529,1.1467920269794285
19.00106859551775,0.0
41.03823704575096,0.0
19.703217362862382,36.99401799873589
0.0,0.0
0.0,0.0
0.0,0.0
0.0,0.0
0.0,0.0
0.0,0.0
0.0,51.58061921729309
16.918297358244963,52.15614639839641
8.666760332671476,0.7464338364455219
7.943598344187623,0.0
8.090783432464903,0.095
8.583526208307728,4.732482514757503
0.619205991176127,0.0
0.5880595559059874,0.0
1.5919393308236227,8.776359960159265
0.0,0.0
0.0,0.0
0.0,0.0
0.0,0.0
0.0,0.0
0.0,0.0
0.0,53.03376369500292
27.697613528646027,53.342253672780714
10.11572668917631,0.0
8.278661959794317,0.0
1.0220340601300124,0.0
0.0,0.0
0.0,0.0
0.0,0.0
-14.095346002011295,5.452490866948727
0.0,0.0
0.0,0.0
0.0,0.0
0.0,0.0
0.0,0.0
0.0,0.0
0.0,54.059177995182004
28.726524192413482,54.58103767906327
1.5070027818813962,0.10327863245
0.9775046642495616,0.0
0.0,0.0
0.0,0.0
0.0,0.0
0.0,0.0
53.95549150022553,54.409383318864585
0.0,0.0
0.0,0.0
0.0,0.0
0.0,0.0
0.0,0.0
0.0,0.0
0.0,25.066304081400133
1.4189452085702348,37.33059480237755
0.0,0.0
0.0,0.0
0.0,0.0
0.0,0.0
0.0,0.0
0.0,0.0
50.277408979076824,15.676595462251973
0.0,0.0
0.0,0.0
0.0,0.0
0.0,0.0
0.0,0.0
0.0,0.0
0.0,16.87104901398131
0.0,0.0
0.0,0.0
0.0,0.0
0.0,0.0
0.0,0.0
0.0,0.0
0.0,0.0
49.11741370770753,10.466984027138526
0.0,0.0
0.0,0.0
0.0,0.0
0.0,0.0
0.0,0.0
0.0,0.0
0.0,0.0
0.0,0.0
0.0,0.0
0.0,0.0
0.0,0.0
0.0,0.0
0.0,0.0
0.0,0.0
29.415657834287682,0.31435177245749324
0.0,0.0
0.0,0.0
0.0,0.0
0.0,0.0
0.0,0.0
0.0,0.0
0.0,0.0
0.0,0.0
0.0,0.0
0.0,0.0
0.0,0.0
0.0,0.0
0.0,0.0
0.0,0.0
0.0,0.0
0.0,0.0
0.0,0.0
0.0,0.0
0.0,0.0
0.0,0.0
0.0,0.0
0.0,0.0
0.0,0.0
0.0,0.0
0.0,0.0
0.0,0.0
0.0,0.0
0.0,0.0
0.0,0.0
0.0,0.0
0.0,0.0
0.0,0.0
0.0,0.0
0.0,0.0
0.0,0.0
0.0,0.0
0.0,0.0
0.0,0.0
0.0,0.0
0.0,0.0
0.0,0.0
0.0,0.0
0.0,0.0
0.0,0.0
0.0,0.0
0.0,0.0
0.0,0.0
0.0,0.0
0.0,0.0
0.0,0.0
0.0,0.0
0.0,0.0
0.0,0.0
0.0,0.0
0.0,0.0
0.0,0.0
0.0,0.0
0.0,0.0
0.0,0.0
0.0,0.0
0.0,0.0
0.0,0.0
0.0,0.0
0.0,0.0
0.0,0.0
0.0,0.0
0.0,0.0
0.0,0.0
0.0,0.0
0.0,0.0
0.0,0.0
0.0,0.0
0.0,0.0
0.0,0.0
0.0,0.0
0.0,0.0
0.0,0.0
0.0,0.0
0.0,0.0
0.0,0.0
0.0,0.0
0.0,0.0
0.0,0.0
0.0,0.0
0.0,0.0
0.0,0.0
0.0,0.0
0.0,0.0
0.0,0.0
0.0,0.0
0.0,0.0
0.0,0.0
0.0,0.0
0.0,0.0
0.0,0.0
0.0,0.0
0.0,0.0
0.0,0.0
0.0,0.0
0.0,0.0
0.0,0.0
0.0,0.0
0.0,0.0
0.0,0.0
0.0,0.0
0.0,0.0
0.0,0.0
0.0,0.0
0.0,0.0
0.0,0.0
0.0,0.0
0.0,0.0
0.0,0.0
0.0,0.0
0.0,0.0
0.0,0.0
0.0,0.0
0.0,0.0
0.0,0.0
0.0,0.0
0.0,0.0
0.0,0.0
0.0,0.0
0.0,0.0
0.0,0.0
0.0,0.0
0.0,2.8100583354477084
1.5029342375969703,-9.583924732439852
-27.076111866750125,0.0
0.0,0.0
-10.004500000000002,0.0
-0.009500000000000001,0.0
-10.0,0.0
0.0,0.0
-55.81894430754802,3.685359132948946
0.0,0.0
0.0,0.0
0.0,0.0
0.0,0.0
0.0,0.0
0.0,0.0
0.0,25.344897693874753
1.8734148663324903,27.901070417069832
0.1375,0.0
0.0475,0.0
-0.005000000000000001,0.0
0.0,0.0
0.0,0.0
0.02762937799671727,0.7142128160627594
11.563202954132475,32.967253420767456
0.0,0.0
0.0,0.0
0.0,0.0
0.0,0.0
0.0,0.0
0.0,0.0
0.0,41.8987818711403
1.7831504243433767,49.80169074905803
0.0475,0.0
0.14176612514476855,0.0
-0.013550000000000003,0.5126339318503498
-0.009500000000000001,0.5504649084999043
-0.005000000000000001,0.0
0.6355684319044689,0.0
35.14269863281111,47.85798057082541
0.0,0.0
0.0,0.0
0.0,0.0
0.0,0.0
0.0,0.0
0.0,0.0
0.0,56.60742740608211
4.1422195442285386,57.5601566566526
0.07690527250000001,0.0
0.11041677025,0.0
-0.013550000000000003,0.0
0.0,0.0
0.0,0.0
19.066151263409722,0.0
52.30868439101962,55.96989782120607
0.0,0.0
0.0,0.0
0.0,0.0
0.0,0.0
0.0,0.0
0.0,0.0
0.0,45.0900337590698
0.6382910582718293,0.3263074472528018
0.0475,0.0
0.025,0.0
0.0,0.0
2.1776625470774817,0.0
13.228850915977587,0.0
23.630502424548776,0.0
53.46560673347446,40.47038915512167
0.0,0.0
0.0,0.0
0.0,0.0
0.0,0.0
0.0,0.0
0.0,0.0
0.0,12.325587030538514
0.0,5.389362900034175
0.0,0.0
1.534872947391945,0.0
0.05049211061611836,4.31559417793346
0.31280357011267423,0.0
2.3658316828507293,5.395992619467087
11.391796904910837,0.3112245892827151
-3.1235401328717636,16.10701233464639
0.0,0.0
0.0,0.0
0.0,0.0
0.0,0.0
0.0,0.0
0.0,0.0
0.0,9.231551290175437
16.618546741455255,4.538712966254591
2.844356695305272,0.0
1.3394349499028808,0.0
-0.0024102242236960433,18.09021882489926
2.01206149049358,0.0
0.0,0.0
0.010492152149384787,0.0
0.046525760603241456,0.31747002554275
0.0,0.0
0.0,0.0
0.0,0.0
0.0,0.0
0.0,0.0
0.0,0.0
0.0,52.81735833509534
22.32612777537857,53.06908890798777
5.518716282426754,2.9144434007898576
7.703756419498281,0.0
0.0,0.0
0.0,0.0
0.0,0.0
0.0,0.0
-10.0,0.0
0.0,0.0
0.0,0.0
0.0,0.0
0.0,0.0
0.0,0.0
0.0,0.0
0.0,53.663842990577486
20.329469956740887,53.83783242438159
0.0,0.0
0.0,0.0
0.0,0.0
0.0,0.0
0.0,0.0
0.0,0.0
51.66314914574237,53.63722368737121
0.0,0.0
0.0,0.0
0.0,0.0
0.0,0.0
0.0,0.0
0.0,0.0
0.0,17.930839049064993
0.0,26.140908743015103
0.0,0.0
0.0,0.0
0.0,0.0
0.0,0.0
0.0,0.0
0.0,0.0
49.41625634777035,13.750587228140326
0.0,0.0
0.0,0.0
0.0,0.0
0.0,0.0
0.0,0.0
0.0,0.0
0.0,4.978177104277011
0.0,0.0
0.0,0.0
0.0,0.0
0.0,0.0
0.0,0.0
0.0,0.0
0.0,0.0
48.85741206643692,7.062571183777716
0.0,0.0
0.0,0.0
0.0,0.0
0.0,0.0
0.0,0.0
0.0,0.0
0.0,0.0
0.0,0.0
0.0,0.0
0.0,0.0
0.0,0.0
0.0,0.0
0.0,0.0
0.0,0.0
0.0,0.0
0.0,0.0
0.0,0.0
0.0,0.0
0.0,0.0
0.0,0.0
0.0,0.0
0.0,0.0
0.0,0.0
0.0,0.0
0.0,0.0
0.0,0.0
0.0,0.0
0.0,0.0
0.0,0.0
0.0,0.0
0.0,0.0
0.0,0.0
0.0,0.0
0.0,0.0
0.0,0.0
0.0,0.0
0.0,0.0
0.0,0.0
0.0,0.0
0.0,0.0
0.0,0.0
0.0,0.0
0.0,0.0
0.0,0.0
0.0,0.0
0.0,0.0
0.0,0.0
0.0,0.0
0.0,0.0
0.0,0.0
0.0,0.0
0.0,0.0
0.0,0.0
0.0,0.0
0.0,0.0
0.0,0.0
0.0,0.0
0.0,0.0
0.0,0.0
0.0,0.0
0.0,0.0
0.0,0.0
0.0,0.0
0.0,0.0
0.0,0.0
0.0,0.0
0.0,0.0
0.0,0.0
0.0,0.0
0.0,0.0
0.0,0.0
0.0,0.0
0.0,0.0
0.0,0.0
0.0,0.0
0.0,0.0
0.0,0.0
0.0,0.0
0.0,0.0
0.0,0.0
0.0,0.0
0.0,0.0
0.0,0.0
0.0,0.0
0.0,0.0
0.0,0.0
0.0,0.0
0.0,0.0
0.0,0.0
0.0,0.0
0.0,0.0
0.0,0.0
0.0,0.0
0.0,0.0
0.0,0.0
0.0,0.0
0.0,0.0
0.0,0.0
0.0,0.0
0.0,0.0
0.0,0.0
0.0,0.0
0.0,0.0
0.0,0.0
0.0,0.0
0.0,0.0
0.0,0.0
0.0,0.0
0.0,0.0
0.0,0.0
0.0,0.0
0.0,0.0
0.0,0.0
0.0,0.0
0.0,0.0
0.0,0.0
0.0,0.0
0.0,0.0
0.0,0.0
0.0,0.0
0.0,0.0
0.0,0.0
0.0,0.0
0.0,0.0
0.0,0.0
0.0,0.0
0.0,0.0
0.0,0.0
0.0,0.0
0.0,0.0
0.0,0.0
0.0,0.0
0.0,0.0
0.0,0.0
0.0,0.0
0.0,0.0
0.0,0.0
0.0,0.0
0.0,0.0
0.0,0.0
0.0,0.0
0.0,0.0522025
0.06997750000000001,-18.879527423191767
0.0,0.0
0.0,0.0
0.0,0.0
0.0,0.0
0.0,0.0
0.0,0.0
-10.0,0.0
0.0,0.0
0.0,0.0
0.0,0.0
0.0,0.0
0.0,0.0
0.0,0.0
0.0,1.2328847134306862
0.0,5.369492404740317
0.037375000000000005,0.0
0.0,0.0
0.0,0.0
0.0,0.0
0.0,0.0
0.0,0.0
-11.802910994583602,6.400221033472137
0.0,0.0
0.0,0.0
0.0,0.0
0.0,0.0
0.0,0.0
0.0,0.0
0.0,17.31668751935034
1.5424059996879542,22.619294553716635
0.0,0.0
0.0,0.0
0.0,0.0
0.0,0.0
0.0,0.052911351350709894
0.0,0.0
3.983370842117428,22.331511144794415
0.0,0.0
0.0,0.0
0.0,0.0
0.0,0.0
0.0,0.0
0.0,0.0
0.0,43.24731954410984
0.0,34.53088696790549
0.029947525000000003,0.0
0.0,0.0
0.0,0.0
0.0,0.0
0.0,0.0
17.284074867917198,0.0
30.80414828025743,50.130767198363536
0.0,0.0
0.0,0.0
0.0,0.0
0.0,0.0
0.0,0.0
0.0,0.0
0.0,24.60538155157475
0.128605338475,0.06066276775
0.0,0.0
0.0,0.0
0.0,0.0
0.0,0.0
0.4235444685720337,0.0
0.7558669624930383,4.328732005778118
19.836574118963398,31.238091156644085
0.0,0.0
0.0,0.0
0.0,0.0
0.0,0.0
0.0,0.0
0.0,0.0
0.0,0.0
0.0,1.1253724339034032
0.0,0.0
0.0,0.0
-0.005000000000000001,0.0
-0.005000000000000001,0.0
0.0,0.0
0.0,0.0
-0.00367861497099574,0.24741330401436076
0.0,0.0
0.0,0.0
0.0,0.0
0.0,0.0
0.0,0.0
0.0,0.0
0.0,0.3462130496103089
1.3098257068123123,0.0
0.29418656428469236,1.3646898383004658
0.40056189096397715,0.0
-0.009500000000000001,0.6727835608567343
0.0,0.0
0.0,0.0
0.0,0.0
-0.009500000000000001,0.025
0.0,0.0
0.0,0.0
0.0,0.0
0.0,0.0
0.0,0.0
0.0,0.0
0.0,35.15129298385753
0.0,46.296743334757316
1.2374413289690906,0.0
0.42696309102556185,0.0
0.0,0.0
0.0,0.0
0.0,0.0
0.0,0.0
0.0,0.0
0.0,0.0
0.0,0.0
0.0,0.0
0.0,0.0
0.0,0.0
0.0,0.0
0.0,49.43036497346668
20.272115510179496,50.16668542407106
0.0,0.0
0.0,0.0
0.0,0.0
0.0,0.0
0.0,0.0
0.0,0.0
47.79397450152753,50.717493449995686
0.0,0.0
0.0,0.0
0.0,0.0
0.0,0.0
0.0,0.0
0.0,0.0
0.0,8.575996987951344
0.0,2.368230740296333
0.0,0.0
0.0,0.0
0.0,0.0
0.0,0.0
0.0,0.0
0.0,0.0
45.26422796808233,9.570286015176144
0.0,0.0
0.0,0.0
0.0,0.0
0.0,0.0
0.0,0.0
0.0,0.0
0.0,0.0
0.0,0.0
0.0,0.0
0.0,0.0
0.0,0.0
0.0,0.0
0.0,0.0
0.0,0.0
12.140007353617392,0.0
0.0,0.0
0.0,0.0
0.0,0.0
0.0,0.0
0.0,0.0
0.0,0.0
0.0,0.0
0.0,0.0
0.0,0.0
0.0,0.0
0.0,0.0
0.0,0.0
0.0,0.0
0.0,0.0
0.0,0.0
0.0,0.0
0.0,0.0
0.0,0.0
0.0,0.0
0.0,0.0
0.0,0.0
0.0,0.0
0.0,0.0
0.0,0.0
0.0,0.0
0.0,0.0
0.0,0.0
0.0,0.0
0.0,0.0
0.0,0.0
0.0,0.0
0.0,0.0
0.0,0.0
0.0,0.0
0.0,0.0
0.0,0.0
0.0,0.0
0.0,0.0
0.0,0.0
0.0,0.0
0.0,0.0
0.0,0.0
0.0,0.0
0.0,0.0
0.0,0.0
0.0,0.0
0.0,0.0
0.0,0.0
0.0,0.0
0.0,0.0
0.0,0.0
0.0,0.0
0.0,0.0
0.0,0.0
0.0,0.0
0.0,0.0
0.0,0.0
0.0,0.0
0.0,0.0
0.0,0.0
0.0,0.0
0.0,0.0
0.0,0.0
0.0,0.0
0.0,0.0
0.0,0.0
0.0,0.0
0.0,0.0
0.0,0.0
0.0,0.0
0.0,0.0
0.0,0.0
0.0,0.0
0.0,0.0
0.0,0.0
0.0,0.0
0.0,0.0
0.0,0.0
0.0,0.0
0.0,0.0
0.0,0.0
0.0,0.0
0.0,0.0
0.0,0.0
0.0,0.0
0.0,0.0
0.0,0.0
0.0,0.0
0.0,0.0
0.0,0.0
0.0,0.0
0.0,0.0
0.0,0.0
0.0,0.0
0.0,0.0
0.0,0.0
0.0,0.0
0.0,0.0
0.0,0.0
0.0,0.0
0.0,0.0
0.0,0.0
0.0,0.0
0.0,0.0
0.0,0.0
0.0,0.0
0.0,0.0
0.0,0.0
0.0,0.0
0.0,0.0
0.0,0.0
0.0,0.0
0.0,0.0
0.0,0.0
0.0,0.0
0.0,0.0
0.0,0.0
0.0,0.0
0.0,0.0
0.0,0.0
0.0,0.0
0.0,0.0
0.0,0.0
0.0,0.0
0.0,0.0
0.0,0.0
0.0,0.0
0.0,0.0
0.0,0.0
0.0,0.0
0.0,0.0
0.0,0.0
0.0,0.0
0.0,0.0
0.0,0.0
0.0,0.0
0.0,0.0
0.0,0.0
0.0,0.0
0.0,0.0
0.0,0.0
0.0,0.0
0.0475,0.0
-10.0,0.0
0.0,0.0
0.0,0.0
0.0,0.0
0.0,0.0
0.0,0.0
-0.009500000000000001,0.050220025
0.0,0.0
0.0,0.0
0.0,0.0
0.0,0.0
0.0,0.0
0.0,0.0
0.0,0.0
0.0,0.16526188562622784
0.0,0.0
0.0,0.0
0.0,0.0
0.0,0.0
0.0,0.0
0.0,0.0
-0.005000000000000001,0.025
0.0,0.0
0.0,0.0
0.0,0.0
0.0,0.0
0.0,0.0
0.0,0.0
0.0,11.60154543112913
0.0,4.441991856924998
0.0,0.0
0.0,0.0
0.0,0.0
0.0,0.0
0.0,0.0
0.0,0.0
0.29299671179572917,10.009204330111476
0.0,0.0
0.0,0.0
0.0,0.0
0.0,0.0
0.0,0.0
0.0,0.0
0.0,0.025
0.0,0.18680463789460194
0.0,0.0
0.0,0.0
0.0,0.0
0.0,0.0
0.0,0.0
0.22298142831550027,0.0
5.8615853394266555,11.502565659171621
0.0,0.0
0.0,0.0
0.0,0.0
0.0,0.0
0.0,0.0
0.0,0.0
0.0,0.06066276775
0.0,0.0
0.0,0.0
0.0,0.0
0.0,0.0
0.0,0.0
-0.005000000000000001,0.0
-0.005000000000000001,0.0
-10.0,5.321120998368834
0.0,0.0
0.0,0.0
0.0,0.0
0.0,0.0
0.0,0.0
0.0,0.0
0.0,0.025
0.0,0.0
0.0,0.0
0.0,0.0
0.0,0.0
-0.005000000000000001,0.0
-0.005000000000000001,0.0
0.0,0.0
-0.011075000000000002,0.025
0.0,0.0
0.0,0.0
0.0,0.0
0.0,0.0
0.0,0.0
0.0,0.0
0.0,0.0
0.0,0.0
0.18821947356280155,0.0
0.21605897015218817,0.0
0.0,0.0
0.0,0.0
0.0,0.0
0.0,0.0
0.0,0.0
0.0,0.0
0.0,0.0
0.0,0.0
0.0,0.0
0.0,0.0
0.0,0.0
0.0,11.279774292372638
0.3227513180399628,10.373456514441342
0.18568831132858465,0.0
0.0,0.0
0.0,0.0
0.0,0.0
0.0,0.0
0.0,0.0
0.0,0.0
0.0,0.0
0.0,0.0
0.0,0.0
0.0,0.0
0.0,0.0
0.0,0.0
0.0,45.365536173934274
1.4446955656831397,42.41415530928229
0.0,0.0
0.0,0.0
0.0,0.0
0.0,0.0
0.0,0.0
0.0,0.0
41.84292918950211,45.44453051146015
0.0,0.0
0.0,0.0
0.0,0.0
0.0,0.0
0.0,0.0
0.0,0.0
0.0,0.0
0.0,0.0
0.0,0.0
0.0,0.0
0.0,0.0
0.0,0.0
0.0,0.0
0.0,0.0
38.00097782003647,0.0
0.0,0.0
0.0,0.0
0.0,0.0
0.0,0.0
0.0,0.0
0.0,0.0
0.0,0.0
0.0,0.0
0.0,0.0
0.0,0.0
0.0,0.0
0.0,0.0
0.0,0.0
0.0,0.0
0.0,0.0
0.0,0.0
0.0,0.0
0.0,0.0
0.0,0.0
0.0,0.0
0.0,0.0
0.0,0.0
0.0,0.0
0.0,0.0
0.0,0.0
0.0,0.0
0.0,0.0
0.0,0.0
0.0,0.0
0.0,0.0
0.0,0.0
0.0,0.0
0.0,0.0
0.0,0.0
0.0,0.0
0.0,0.0
0.0,0.0
0.0,0.0
0.0,0.0
0.0,0.0
0.0,0.0
0.0,0.0
0.0,0.0
0.0,0.0
0.0,0.0
0.0,0.0
0.0,0.0
0.0,0.0
0.0,0.0
0.0,0.0
0.0,0.0
0.0,0.0
0.0,0.0
0.0,0.0
0.0,0.0
0.0,0.0
0.0,0.0
0.0,0.0
0.0,0.0
0.0,0.0
0.0,0.0
0.0,0.0
0.0,0.0
0.0,0.0
0.0,0.0
0.0,0.0
0.0,0.0
0.0,0.0
0.0,0.0
0.0,0.0
0.0,0.0
0.0,0.0
0.0,0.0
0.0,0.0
0.0,0.0
0.0,0.0
0.0,0.0
0.0,0.0
0.0,0.0
0.0,0.0
0.0,0.0
0.0,0.0
0.0,0.0
0.0,0.0
0.0,0.0
0.0,0.0
0.0,0.0
0.0,0.0
0.0,0.0
0.0,0.0
0.0,0.0
0.0,0.0
0.0,0.0
0.0,0.0
0.0,0.0
0.0,0.0
0.0,0.0
0.0,0.0
0.0,0.0
0.0,0.0
0.0,0.0
0.0,0.0
0.0,0.0
0.0,0.0
0.0,0.0
0.0,0.0
0.0,0.0
0.0,0.0
0.0,0.0
0.0,0.0
0.0,0.0
0.0,0.0
0.0,0.0
0.0,0.0
0.0,0.0
0.0,0.0
0.0,0.0
0.0,0.0
0.0,0.0
0.0,0.0
0.0,0.0
0.0,0.0
0.0,0.0
0.0,0.0
0.0,0.0
0.0,0.0
0.0,0.0
0.0,0.0
0.0,0.0
0.0,0.0
0.0,0.0
0.0,0.0
0.0,0.0
0.0,0.0
0.0,0.0
0.0,0.0
0.0,0.0
0.0,0.0
0.0,0.0
0.0,0.0
0.0,0.0
0.0,0.0
0.0,0.0
0.0,0.0
0.0,0.0
0.0,0.0
0.0,0.0
0.0,0.0
0.0,0.0
0.0,0.0
0.0,0.0
0.0,0.0
0.0,0.0
0.0,0.0
0.0,0.0
0.0,0.0
0.0,0.0
0.0,0.0
0.0,0.0
0.0,0.0
0.0,0.0
0.0,0.0
0.0,0.0
0.0,0.0
-10.0,0.0
0.0,0.0
0.0,0.0
0.0,0.0
0.0,0.0
0.0,0.0
0.0,0.0
0.0,0.025
0.0,0.0
0.0,0.0
0.0,0.0
0.0,0.0
0.0,0.0
0.0,0.0
0.0,0.0
-0.005000000000000001,0.025
0.0,0.0
0.0,0.0
0.0,0.0
0.0,0.0
0.0,0.0
0.0,0.0
0.0,0.027475
0.0,0.0
0.0,0.0
0.0,0.0
0.0,0.0
0.0,0.0
0.0,0.0
0.0,0.0
-9.009050000000002,0.15407311738512602
0.0,0.0
0.0,0.0
0.0,0.0
0.0,0.0
0.0,0.0
0.0,0.0
0.0,0.0
0.0,0.0
0.0,0.0
0.0,0.0
0.0,0.0
0.0,0.0
0.0,0.0
0.0,0.0
0.0,0.0
0.0,0.0
0.0,0.0
0.0,0.0
0.0,0.0
0.0,0.0
0.0,0.0
0.0,0.025
0.0,0.0
0.0,0.0
0.0,0.0
0.0,0.0
0.0,0.0
0.0,0.0
-0.005000000000000001,0.025
0.0,0.0
0.0,0.0
0.0,0.0
0.0,0.0
0.0,0.0
0.0,0.0
0.0,0.0
0.0,0.0
0.0,0.0
0.0,0.0
0.0,0.0
0.0,0.0
0.0,0.0
0.0,0.0
0.0,0.0
0.0,0.0
0.0,0.0
0.0,0.0
0.0,0.0
0.0,0.0
0.0,0.0
0.0,0.0
0.0,0.0
0.0,0.0
0.0,0.0
0.0,0.0
0.0,0.0
0.0,0.0
0.0,0.0
0.0,0.0
0.0,0.0
0.0,0.0
0.0,0.0
0.0,0.0
0.0,0.0
0.0,0.0
0.0,0.0
0.0,0.0
0.0,0.6356484016686805
0.0,0.0
0.0,0.0
0.0,0.0
0.0,0.0
0.0,0.0
0.0,0.0
0.0,0.0
0.0,0.0
0.0,0.0
0.0,0.0
0.0,0.0
0.0,0.0
0.0,0.0
0.0,6.40157945545103
0.0,0.0
0.0,0.0
0.0,0.0
0.0,0.0
0.0,0.0
0.0,0.0
0.0,0.0
2.6754500037972777,22.365450993868805
0.0,0.0
0.0,0.0
0.0,0.0
0.0,0.0
0.0,0.0
0.0,0.0
0.0,0.0
0.0,0.0
0.0,0.0
0.0,0.0
0.0,0.0
0.0,0.0
0.0,0.0
0.0,0.0
5.768568412784944,0.0
0.0,0.0
0.0,0.0
0.0,0.0
0.0,0.0
0.0,0.0
0.0,0.0
0.0,0.0
0.0,0.0
0.0,0.0
0.0,0.0
0.0,0.0
0.0,0.0
0.0,0.0
0.0,0.0
0.0,0.0
0.0,0.0
0.0,0.0
0.0,0.0
0.0,0.0
0.0,0.0
0.0,0.0
0.0,0.0
0.0,0.0
0.0,0.0
0.0,0.0
0.0,0.0
0.0,0.0
0.0,0.0
0.0,0.0
0.0,0.0
0.0,0.0
0.0,0.0
0.0,0.0
0.0,0.0
0.0,0.0
0.0,0.0
0.0,0.0
0.0,0.0
0.0,0.0
0.0,0.0
0.0,0.0
0.0,0.0
0.0,0.0
0.0,0.0
0.0,0.0
0.0,0.0
0.0,0.0
0.0,0.0
0.0,0.0
0.0,0.0
0.0,0.0
0.0,0.0
0.0,0.0
0.0,0.0
0.0,0.0
0.0,0.0
0.0,0.0
0.0,0.0
0.0,0.0
0.0,0.0
0.0,0.0
0.0,0.0
0.0,0.0
0.0,0.0
0.0,0.0
0.0,0.0
0.0,0.0
0.0,0.0
0.0,0.0
0.0,0.0
0.0,0.0
0.0,0.0
0.0,0.0
0.0,0.0
0.0,0.0
0.0,0.0
0.0,0.0
0.0,0.0
0.0,0.0
0.0,0.0
0.0,0.0
0.0,0.0
0.0,0.0
0.0,0.0
0.0,0.0
0.0,0.0
0.0,0.0
0.0,0.0
0.0,0.0
0.0,0.0
0.0,0.0
0.0,0.0
0.0,0.0
0.0,0.0
0.0,0.0
0.0,0.0
0.0,0.0
0.0,0.0
0.0,0.0
0.0,0.0
0.0,0.0
0.0,0.0
0.0,0.0
0.0,0.0
0.0,0.0
0.0,0.0
0.0,0.0
0.0,0.0
0.0,0.0
0.0,0.0
0.0,0.0
0.0,0.0
0.0,0.0
0.0,0.0
0.0,0.0
0.0,0.0
0.0,0.0
0.0,0.0
0.0,0.0
0.0,0.0
0.0,0.0
0.0,0.0
0.0,0.0
0.0,0.0
0.0,0.0
0.0,0.0
0.0,0.0
0.0,0.0
0.0,0.0
0.0,0.0
0.0,0.0
0.0,0.0
0.0,0.0
0.0,0.0
0.0,0.0
0.0,0.0
0.0,0.0
0.0,0.0
0.0,0.0
0.0,0.0
0.0,0.0
0.0,0.0
0.0,0.0
0.0,0.0
0.0,0.0
0.0,0.0
0.0,0.0
0.0,0.0
0.0,0.0
0.0,0.0
0.0,0.0
0.0,0.0
0.0,0.0
0.0,0.0
0.0,0.0
0.0,0.0
0.0,0.0
0.0,0.0
0.0,0.0
0.0,0.0
0.0,0.0
0.0,0.0
0.0,0.0
0.0,0.0
0.0,0.0
0.0,0.0
0.0,0.0
0.0,0.0
0.0,0.0
0.0,0.0
0.0,0.0
0.0,0.0
0.0,0.0
0.0,0.0
0.0,0.0
0.0,0.0
0.0,0.0
0.0,0.0
0.0,0.0
0.0,0.0
0.0,0.0
0.0,0.0
0.0,0.0
0.0,0.0
0.0,0.0
0.0,0.0
0.0,0.0
0.0,0.0
0.0,0.0
0.0,0.0
0.0,0.0
0.0,0.0
0.0,0.0
0.0,0.0
0.0,0.0
0.0,0.0
0.0,0.0
0.0,0.0
0.0,0.0
0.0,0.0
0.0,0.0
0.0,0.0
0.0,0.0
0.0,0.0
0.0,0.0
0.0,0.0
0.0,0.0
0.0,0.0
0.0,0.0
0.0,0.0
0.0,0.0
0.0,0.0
0.0,0.0
0.0,0.0
0.0,0.0
0.0,0.0
0.0,0.0
0.0,0.0
0.0,0.0
0.0,0.0
0.0,0.0
0.0,0.0
0.0,0.0
0.0,0.0
0.0,0.0
0.0,0.0
0.0,0.0
0.0,0.0
0.0,0.0
0.0,0.0
0.0,0.0
0.0,0.0
0.0,0.0
0.0,0.0
0.0,0.0
0.0,0.0
0.0,0.0
0.0,0.0
0.0,0.0
0.0,0.0
0.0,0.0
0.0,0.0
0.0,0.0
0.0,0.0
0.0,0.0
0.0,0.0
0.0,0.0
0.0,0.0
0.0,0.0
0.0,0.0
0.0,0.0
0.0,0.0
0.0,0.0
0.0,0.0
0.0,0.0
0.0,0.0
0.0,0.0
0.0,0.0
0.0,0.0
0.0,0.0
0.0,0.0
0.0,0.0
0.0,0.0
0.0,0.0
0.0,0.0
0.0,0.0
0.0,0.0
0.0,0.0
0.0,0.0
0.0,0.0
0.0,0.0
0.0,0.0
0.0,0.0
0.0,0.0
0.0,0.0
0.0,0.0
0.0,0.0
0.0,0.0
0.0,0.0
0.0,0.0
0.0,0.0
0.0,0.0
0.0,0.0
0.0,0.0
-10.0,0.0
0.0,0.0
0.0,0.0
0.0,0.0
0.0,0.0
0.0,0.0
0.0,0.0
0.0,0.0
0.0,0.0
0.0,0.0
0.0,0.0
0.0,0.0
0.0,0.0
0.0,0.0
0.0,0.0
0.0,0.0
0.0,0.0
0.0,0.0
0.0,0.0
0.0,0.0
0.0,0.0
0.0,0.0
0.0,0.0
0.0,0.0
0.0,0.0
0.0,0.0
0.0,0.0
0.0,0.0
0.0,0.0
0.0,0.0
0.0,0.0
0.0,0.0
0.0,0.0
0.0,0.0
0.0,0.0
0.0,0.0
0.0,0.0
0.0,0.0
0.0,0.0
0.0,0.0
0.0,0.0
0.0,0.0
0.0,0.0
0.0,0.0
0.0,0.0
0.0,0.0
0.0,0.0
0.0,0.0
0.0,0.0
0.0,0.0
0.0,0.0
0.0,0.0
0.0,0.0
0.0,0.0
0.0,0.0
0.0,0.0
0.0,0.0
0.0,0.0
0.0,0.0
0.0,0.0
0.0,0.0
0.0,0.0
0.0,0.0
0.0,0.0
0.0,0.0
0.0,0.0
0.0,0.0
0.0,0.0
0.0,0.0
0.0,0.0
0.0,0.0
0.0,0.0
0.0,0.0
0.0,0.0
0.0,0.0
0.0,0.0
0.0,0.0
0.0,0.0
0.0,0.0
0.0,0.0
0.0,0.0
0.0,0.0
0.0,0.0
0.0,0.0
0.0,0.0
0.0,0.0
0.0,0.0
0.0,0.0
0.0,0.0
0.0,0.0
0.0,0.0
0.0,0.0
0.0,0.0
0.0,0.0
0.0,0.0
0.0,0.0
0.0,0.0
0.0,0.0
0.0,0.0
0.0,0.0
0.0,0.0
0.0,0.0
0.0,0.0
0.0,0.0
0.0,0.0
0.0,0.0
0.0,0.0
0.0,0.0
0.0,0.0
0.0,0.0
0.0,0.0
0.0,0.0
0.0,0.0
0.0,0.0
0.0,0.0
0.0,0.0
0.0,0.0
0.0,0.0
0.0,0.0
0.0,0.0
0.0,0.0
0.0,0.0
0.0,0.0
0.0,0.0
0.0,0.0
0.0,0.0
0.0,0.0
0.0,0.0
0.0,0.0
0.0,0.0
0.0,0.0
0.0,0.0
0.0,0.0
0.0,0.0
0.0,0.0
0.0,0.0
0.0,0.0
0.0,0.0
0.0,0.0
0.0,0.0
0.0,0.0
0.0,0.0
0.0,0.0
0.0,0.0
0.0,0.0
0.0,0.0
0.0,0.0
0.0,0.0
0.0,0.0
0.0,0.0
0.0,0.0
0.0,0.0
0.0,0.0
0.0,0.0
0.0,0.0
0.0,0.0
0.0,0.0
0.0,0.0
0.0,0.0
0.0,0.0
0.0,0.0
0.0,0.0
0.0,0.0
0.0,0.0
0.0,0.0
0.0,0.0
0.0,0.0
0.0,0.0
0.0,0.0
0.0,0.0
0.0,0.0
0.0,0.0
0.0,0.0
0.0,0.0
0.0,0.0
0.0,0.0
0.0,0.0
0.0,0.0
0.0,0.0
0.0,0.0
0.0,0.0
0.0,0.0
0.0,0.0
0.0,0.0
0.0,0.0
0.0,0.0
0.0,0.0
0.0,0.0
0.0,0.0
0.0,0.0
0.0,0.0
0.0,0.0
0.0,0.0
0.0,0.0
0.0,0.0
0.0,0.0
0.0,0.0
0.0,0.0
0.0,0.0
0.0,0.0
0.0,0.0
0.0,0.0
0.0,0.0
0.0,0.0
0.0,0.0
0.0,0.0
0.0,0.0
0.0,0.0
0.0,0.0
0.0,0.0
0.0,0.0
0.0,0.0
0.0,0.0
0.0,0.0
0.0,0.0
0.0,0.0
0.0,0.0
0.0,0.0
0.0,0.0
0.0,0.0
0.0,0.0
0.0,0.0
0.0,0.0
0.0,0.0
0.0,0.0
0.0,0.0
0.0,0.0
0.0,0.0
0.0,0.0
0.0,0.0
0.0,0.0
0.0,0.0
0.0,0.0
0.0,0.0
0.0,0.0
0.0,0.0
0.0,0.0
0.0,0.0
0.0,0.0
0.0,0.0
0.0,0.0
0.0,0.0
0.0,0.0
0.0,0.0
0.0,0.0
0.0,0.0
0.0,0.0
0.0,0.0
0.0,0.0
0.0,0.0
0.0,0.0
0.0,0.0
0.0,0.0
0.0,0.0
0.0,0.0
0.0,0.0
0.0,0.0
0.0,0.0
0.0,0.0
0.0,0.0
0.0,0.0
0.0,0.0
0.0,0.0
0.0,0.0
0.0,0.0
0.0,0.0
0.0,0.0
0.0,0.0
0.0,0.0
0.0,0.0
0.0,0.0
0.0,0.0
0.0,0.0
0.0,0.0
0.0,0.0
0.0,0.0
0.0,0.0
0.0,0.0
0.0,0.0
0.0,0.0
0.0,0.0
0.0,0.0
0.0,0.0
0.0,0.0
0.0,0.0
0.0,0.0
0.0,0.0
0.0,0.0
0.0,0.0
0.0,0.0
0.0,0.0
0.0,0.0
0.0,0.0
0.0,0.0
0.0,0.0
0.0,0.0
0.0,0.0
0.0,0.0
0.0,0.0
0.0,0.0
0.0,0.0
0.0,0.0
0.0,0.0
0.0,0.0
0.0,0.0
0.0,0.0
0.0,0.0
0.0,0.0
0.0,0.0
0.0,0.0
0.0,0.0
0.0,0.0
0.0,0.0
0.0,0.0
0.0,0.0
0.0,0.0
0.0,0.0
0.0,0.0
0.0,0.0
0.0,0.0
0.0,0.0
0.0,0.0
0.0,0.0
0.0,0.0
0.0,0.0
0.0,0.0
0.0,0.0
0.0,0.0
0.0,0.0
0.0,0.0
0.0,0.0
0.0,0.0
0.0,0.0
0.0,0.0
0.0,0.0
0.0,0.0
0.0,0.0
0.0,0.0
0.0,0.0
0.0,0.0
0.0,0.0
0.0,0.0
0.0,0.0
0.0,0.0
0.0,0.0
0.0,0.0
0.0,0.0
0.0,0.0
0.0,0.0
0.0,0.0
0.0,0.0
0.0,0.0
0.0,0.0
0.0,0.0
0.0,0.0
0.0,0.0
0.0,0.0
0.0,0.0
0.0,0.0
0.0,0.0
0.0,0.0
0.0,0.0
0.0,0.0
0.0,0.0
0.0,0.0
0.0,0.0
0.0,0.0
0.0,0.0
0.0,0.0
0.0,0.0
0.0,0.0
0.0,0.0
0.0,0.0
0.0,0.0
0.0,0.0
0.0,0.0
0.0,0.0
0.0,0.0
0.0,0.0
0.0,0.0
0.0,0.0
0.0,0.0
0.0,0.0
0.0,0.0
0.0,0.0
0.0,0.0
0.0,0.0
0.0,0.0
0.0,0.0
0.0,0.0
0.0,0.0
0.0,0.0
0.0,0.0
0.0,0.0
0.0,0.0
0.0,0.0
0.0,0.0
0.0,0.0
0.0,0.0
0.0,0.0
0.0,0.0
0.0,0.0
0.0,0.0
0.0,0.0
0.0,0.0
0.0,0.0
0.0,0.0
0.0,0.0
0.0,0.0
0.0,0.0
0.0,0.0
0.0,0.0
0.0,0.0
0.0,0.0
0.0,0.0
0.0,0.0
0.0,0.0
0.0,0.0
0.0,0.0
0.0,0.0
0.0,0.0
0.0,0.0
0.0,0.0
0.0,0.0
0.0,0.0
0.0,0.0
0.0,0.0
0.0,0.0
0.0,0.0
0.0,0.0
0.0,0.0
0.0,0.0
0.0,0.0
0.0,0.0
0.0,0.0
0.0,0.0
0.0,0.0
0.0,0.0
0.0,0.0
0.0,0.0
0.0,0.0
0.0,0.0
0.0,0.0
0.0,0.0
0.0,0.0
0.0,0.0
0.0,0.0
0.0,0.0
0.0,0.0
0.0,0.0
0.0,0.0
0.0,0.0
0.0,0.0
0.0,0.0
0.0,0.0
0.0,0.0
0.0,0.0
0.0,0.0
0.0,0.0
0.0,0.0
0.0,0.0
0.0,0.0
0.0,0.0
0.0,0.0
0.0,0.0
0.0,0.0
0.0,0.0
0.0,0.0
0.0,0.0
0.0,0.0
0.0,0.0
0.0,0.0
0.0,0.0
0.0,0.0
0.0,0.0
0.0,0.0
0.0,0.0
0.0,0.0
0.0,0.0
0.0,0.0
0.0,0.0
0.0,0.0
0.0,0.0
0.0,0.0
0.0,0.0
0.0,0.0
0.0,0.0
0.0,0.0
0.0,0.0
0.0,0.0
0.0,0.0
0.0,0.0
0.0,0.0
0.0,0.0
0.0,0.0
0.0,0.0
0.0,0.0
0.0,0.0
0.0,0.0
0.0,0.0
0.0,0.0
0.0,0.0
0.0,0.0
0.0,0.0
0.0,0.0
0.0,0.0
0.0,0.0
0.0,0.0
0.0,0.0
0.0,0.0
0.0,0.0
0.0,0.0
0.0,0.0
0.0,0.0
0.0,0.0
0.0,0.0
0.0,0.0
0.0,0.0
0.0,0.0
0.0,0.0
0.0,0.0
0.0,0.0
0.0,0.0
0.0,0.0
0.0,0.0
0.0,0.0
0.0,0.0
0.0,0.0
0.0,0.0
0.0,0.0
0.0,0.0
0.0,0.0
0.0,0.0
0.0,0.0
0.0,0.0
0.0,0.0
0.0,0.0
0.0,0.0
0.0,0.0
0.0,0.0
0.0,0.0
0.0,0.0
0.0,0.0
0.0,0.0
0.0,0.0
0.0,0.0
0.0,0.0
0.0,0.0
0.0,0.0
0.0,0.0
0.0,0.0
0.0,0.0
0.0,0.0
0.0,0.0
0.0,0.0
0.0,0.0
0.0,0.0
0.0,0.0
0.0,0.0
0.0,0.0
0.0,0.0
0.0,0.0
0.0,0.0
0.0,0.0
0.0,0.0
0.0,0.0
0.0,0.0
0.0,0.0
0.0,0.0
0.0,0.0
0.0,0.0
0.0,0.0
0.0,0.0
0.0,0.0
0.0,0.0
0.0,0.0
0.0,0.0
0.0,0.0
0.0,0.0
0.0,0.0
0.0,0.0
0.0,0.0
0.0,0.0
0.0,0.0
0.0,0.0
0.0,0.0
0.0,0.0
0.0,0.0
0.0,0.0
0.0,0.0
0.0,0.0
0.0,0.0
0.0,0.0
0.0,0.0
0.0,0.0
0.0,0.0
0.0,0.0
0.0,0.0
0.0,0.0
0.0,0.0
0.0,0.0
0.0,0.0
0.0,0.0
0.0,0.0
0.0,0.0
0.0,0.0
0.0,0.0
0.0,0.0
0.0,0.0
0.0,0.0
0.0,0.0
0.0,0.0
0.0,0.0
0.0,0.0
0.0,0.0
0.0,0.0
0.0,0.0
0.0,0.0
0.0,0.0
0.0,0.0
0.0,0.0
0.0,0.0
0.0,0.0
0.0,0.0
0.0,0.0
0.0,0.0
0.0,0.0
0.0,0.0
0.0,0.0
0.0,0.0
0.0,0.0
0.0,0.0
0.0,0.0
0.0,0.0
0.0,0.0
0.0,0.0
0.0,0.0
0.0,0.0
0.0,0.0
0.0,0.0
0.0,0.0
0.0,0.0
0.0,0.0
0.0,0.0
0.0,0.0
0.0,0.0
0.0,0.0
0.0,0.0
0.0,0.0
0.0,0.0
0.0,0.0
0.0,0.0
0.0,0.0
0.0,0.0
0.0,0.0
0.0,0.0
0.0,0.0
0.0,0.0
0.0,0.0
0.0,0.0
0.0,0.0
0.0,0.0
0.0,0.0
0.0,0.0
0.0,0.0
0.0,0.0
0.0,0.0
0.0,0.0
0.0,0.0
0.0,0.0
0.0,0.0
0.0,0.0
0.0,0.0
0.0,0.0
0.0,0.0
0.0,0.0
0.0,0.0
0.0,0.0
0.0,0.0
0.0,0.0
0.0,0.0
0.0,0.0
0.0,0.0
0.0,0.0
0.0,0.0
0.0,0.0
0.0,0.0
0.0,0.0
0.0,0.0
0.0,0.0
0.0,0.0
0.0,0.0
0.0,0.0
0.0,0.0
0.0,0.0
0.0,0.0
0.0,0.0
0.0,0.0
0.0,0.0
0.0,0.0
0.0,0.0
0.0,0.0
0.0,0.0
0.0,0.0
0.0,0.0
0.0,0.0
0.0,0.0
0.0,0.0
0.0,0.0
0.0,0.0
0.0,0.0
0.0,0.0
0.0,0.0
0.0,0.0
0.0,0.0
0.0,0.0
0.0,0.0
0.0,0.0
0.0,0.0
0.0,0.0
0.0,0.0
0.0,0.0
0.0,0.0
0.0,0.0
0.0,0.0
0.0,0.0
0.0,0.0
0.0,0.0
0.0,0.0
0.0,0.0
0.0,0.0
0.0,0.0
0.0,0.0
0.0,0.0
0.0,0.0
0.0,0.0
0.0,0.0
0.0,0.0
0.0,0.0
0.0,0.0
0.0,0.0
0.0,0.0
0.0,0.0
0.0,0.0
0.0,0.0
0.0,0.0
0.0,0.0
0.0,0.0
0.0,0.0
0.0,0.0
0.0,0.0
0.0,0.0
0.0,0.0
0.0,0.0
0.0,0.0
0.0,0.0
0.0,0.0
0.0,0.0
0.0,0.0
0.0,0.0
0.0,0.0
0.0,0.0
0.0,0.0
0.0,0.0
0.0,0.0
0.0,0.0
0.0,0.0
0.0,0.0
0.0,0.0
0.0,0.0
0.0,0.0
0.0,0.0
0.0,0.0
0.0,0.0
0.0,0.0
0.0,0.0
0.0,0.0
0.0,0.0
0.0,0.0
0.0,0.0
0.0,0.0
0.0,0.0
0.0,0.0
0.0,0.0
0.0,0.0
0.0,0.0
0.0,0.0
0.0,0.0
0.0,0.0
0.0,0.0
0.0,0.0
0.0,0.0
0.0,0.0
0.0,0.0
0.0,0.0
0.0,0.0
0.0,0.0
0.0,0.0
0.0,0.0
0.0,0.0
0.0,0.0
0.0,0.0
0.0,0.0
0.0,0.0
0.0,0.0
0.0,0.0
0.0,0.0
0.0,0.0
0.0,0.0
0.0,0.0
0.0,0.0
0.0,0.0
0.0,0.0
0.0,0.0
0.0,0.0
0.0,0.0
0.0,0.0
0.0,0.0
0.0,0.0
0.0,0.0
0.0,0.0
0.0,0.0
0.0,0.0
0.0,0.0
0.0,0.0
0.0,0.0
0.0,0.0
0.0,0.0
0.0,0.0
0.0,0.0
0.0,0.0
0.0,0.0
0.0,0.0
0.0,0.0
0.0,0.0
0.0,0.0
0.0,0.0
0.0,0.0
0.0,0.0
0.0,0.0
0.0,0.0
0.0,0.0
0.0,0.0
0.0,0.0
0.0,0.0
0.0,0.0
0.0,0.0
0.0,0.0
0.0,0.0
0.0,0.0
0.0,0.0
0.0,0.0
0.0,0.0
0.0,0.0
0.0,0.0
0.0,0.0
0.0,0.0
0.0,0.0
0.0,0.0
0.0,0.0
0.0,0.0
0.0,0.0
0.0,0.0
0.0,0.0
0.0,0.0
0.0,0.0
0.0,0.0
0.0,0.0
0.0,0.0
0.0,0.0
0.0,0.0
0.0,0.0
0.0,0.0
0.0,0.0
0.0,0.0
0.0,0.0
0.0,0.0
0.0,0.0
0.0,0.0
0.0,0.0
0.0,0.0
0.0,0.0
0.0,0.0
0.0,0.0
0.0,0.0
0.0,0.0
0.0,0.0
0.0,0.0
0.0,0.0
0.0,0.0
0.0,0.0
0.0,0.0
0.0,0.0
0.0,0.0
0.0,0.0
0.0,0.0
0.0,0.0
0.0,0.0
0.0,0.0
0.0,0.0
0.0,0.0
0.0,0.0
0.0,0.0
0.0,0.0
0.0,0.0
0.0,0.0
0.0,0.0
0.0,0.0
0.0,0.0
0.0,0.0
0.0,0.0
0.0,0.0
0.0,0.0
0.0,0.0
0.0,0.0
0.0,0.0
0.0,0.0
0.0,0.0
0.0,0.0
0.0,0.0
0.0,0.0
0.0,0.0
0.0,0.0
0.0,0.0
0.0,0.0
0.0,0.0
0.0,0.0
0.0,0.0
0.0,0.0
0.0,0.0
0.0,0.0
0.0,0.0
0.0,0.0
0.0,0.0
0.0,0.0
0.0,0.0
0.0,0.0
0.0,0.0
0.0,0.0
0.0,0.0
0.0,0.0
0.0,0.0
0.0,0.0
0.0,0.0
0.0,0.0
0.0,0.0
0.0,0.0
0.0,0.0
0.0,0.0
0.0,0.0
0.0,0.0
0.0,0.0
0.0,0.0
0.0,0.0
0.0,0.0
0.0,0.0
0.0,0.0
0.0,0.0
0.0,0.0
0.0,0.0
0.0,0.0
0.0,0.0
0.0,0.0
0.0,0.0
0.0,0.0
0.0,0.0
0.0,0.0
0.0,0.0
0.0,0.0
0.0,0.0
0.0,0.0
0.0,0.0
0.0,0.0
0.0,0.0
0.0,0.0
0.0,0.0
0.0,0.0
0.0,0.0
0.0,0.0
0.0,0.0
0.0,0.0
0.0,0.0
0.0,0.0
0.0,0.0
0.0,0.0
0.0,0.0
0.0,0.0
0.0,0.0
0.0,0.0
0.0,0.0
0.0,0.0
0.0,0.0
0.0,0.0
0.0,0.0
0.0,0.0
0.0,0.0
0.0,0.0
0.0,0.0
0.0,0.0
0.0,0.0
0.0,0.0
0.0,0.0
0.0,0.0
0.0,0.0
0.0,0.0
0.0,0.0
0.0,0.0
0.0,0.0
0.0,0.0
0.0,0.0
0.0,0.0
0.0,0.0
0.0,0.0
0.0,0.0
0.0,0.0
0.0,0.0
0.0,0.0
0.0,0.0
0.0,0.0
0.0,0.0
0.0,0.0
0.0,0.0
0.0,0.0
0.0,0.0
0.0,0.0
0.0,0.0
0.0,0.0
0.0,0.0
0.0,0.0
0.0,0.0
0.0,0.0
0.0,0.0
0.0,0.0
0.0,0.0
0.0,0.0
0.0,0.0
0.0,0.0
0.0,0.0
0.0,0.0
0.0,0.0
0.0,0.0
0.0,0.0
0.0,0.0
0.0,0.0
0.0,0.0
0.0,0.0
0.0,0.0
0.0,0.0
0.0,0.0
0.0,0.0
0.0,0.0
0.0,0.0
0.0,0.0
0.0,0.0
0.0,0.0
0.0,0.0
0.0,0.0
0.0,0.0
0.0,0.0
0.0,0.0
0.0,0.0
0.0,0.0
0.0,0.0
0.0,0.0
0.0,0.0
0.0,0.0
0.0,0.0
0.0,0.0
0.0,0.0
0.0,0.0
0.0,0.0
0.0,0.0
0.0,0.0
0.0,0.0
0.0,0.0
0.0,0.0
0.0,0.0
0.0,0.0
0.0,0.0
0.0,0.0
0.0,0.0
0.0,0.0
0.0,0.0
0.0,0.0
0.0,0.0
0.0,0.0
0.0,0.0
0.0,0.0
0.0,0.0
0.0,0.0
0.0,0.0
0.0,0.0
0.0,0.0
0.0,0.0
0.0,0.0
0.0,0.0
0.0,0.0
0.0,0.0
0.0,0.0
0.0,0.0
0.0,0.0
0.0,0.0
0.0,0.0
0.0,0.0
0.0,0.0
0.0,0.0
0.0,0.0
0.0,0.0
0.0,0.0
0.0,0.0
0.0,0.0
0.0,0.0
0.0,0.0
0.0,0.0
0.0,0.0
0.0,0.0
0.0,0.0
0.0,0.0
0.0,0.0
0.0,0.0
0.0,0.0
0.0,0.0
0.0,0.0
0.0,0.0
0.0,0.0
0.0,0.0
0.0,0.0
0.0,0.0
0.0,0.0
0.0,0.0
0.0,0.0
0.0,0.0
0.0,0.0
0.0,0.0
0.0,0.0
0.0,0.0
0.0,0.0
0.0,0.0
0.0,0.0
0.0,0.0
0.0,0.0
0.0,0.0
0.0,0.0
0.0,0.0
0.0,0.0
0.0,0.0
0.0,0.0
0.0,0.0
0.0,0.0
0.0,0.0
0.0,0.0
0.0,0.0
0.0,0.0
0.0,0.0
0.0,0.0
0.0,0.0
0.0,0.0
0.0,0.0
0.0,0.0
0.0,0.0
0.0,0.0
0.0,0.0
0.0,0.0
0.0,0.0
0.0,0.0
0.0,0.0
0.0,0.0
0.0,0.0
0.0,0.0
0.0,0.0
0.0,0.0
0.0,0.0
0.0,0.0
0.0,0.0
0.0,0.0
0.0,0.0
0.0,0.0
0.0,0.0
0.0,0.0
0.0,0.0
0.0,0.0
0.0,0.0
0.0,0.0
0.0,0.0
0.0,0.0
0.0,0.0
0.0,0.0
0.0,0.0
0.0,0.0
0.0,0.0
0.0,0.0
0.0,0.0
0.0,0.0
0.0,0.0
0.0,0.0
0.0,0.0
0.0,0.0
0.0,0.0
0.0,0.0
0.0,0.0
0.0,0.0
0.0,0.0
0.0,0.0
0.0,0.0
0.0,0.0
0.0,0.0
0.0,0.0
0.0,0.0
0.0,0.0
0.0,0.0
0.0,0.0
0.0,0.0
0.0,0.0
0.0,0.0
0.0,0.0
0.0,0.0
0.0,0.0
0.0,0.0
0.0,0.0
0.0,0.0
0.0,0.0
0.0,0.0
0.0,0.0
0.0,0.0
0.0,0.0
0.0,0.0
0.0,0.0
0.0,0.0
0.0,0.0
0.0,0.0
0.0,0.0
0.0,0.0
0.0,0.0
0.0,0.0
0.0,0.0
0.0,0.0
0.0,0.0
0.0,0.0
0.0,0.0
0.0,0.0
0.0,0.0
0.0,0.0
0.0,0.0
0.0,0.0
0.0,0.0
0.0,0.0
0.0,0.0
0.0,0.0
0.0,0.0
0.0,0.0
0.0,0.0
0.0,0.0
0.0,0.0
0.0,0.0
0.0,0.0
0.0,0.0
0.0,0.0
0.0,0.0
0.0,0.0
0.0,0.0
0.0,0.0
0.0,0.0
0.0,0.0
0.0,0.0
0.0,0.0
0.0,0.0
0.0,0.0
0.0,0.0
0.0,0.0
0.0,0.0
0.0,0.0
0.0,0.0
0.0,0.0
0.0,0.0
0.0,0.0
0.0,0.0
0.0,0.0
0.0,0.0
0.0,0.0
0.0,0.0
0.0,0.0
0.0,0.0
0.0,0.0
0.0,0.0
0.0,0.0
0.0,0.0
0.0,0.0
0.0,0.0
0.0,0.0
0.0,0.0
0.0,0.0
0.0,0.0
0.0,0.0
0.0,0.0
0.0,0.0
0.0,0.0
0.0,0.0
0.0,0.0
0.0,0.0
0.0,0.0
0.0,0.0
0.0,0.0
0.0,0.0
0.0,0.0
0.0,0.0
0.0,0.0
0.0,0.0
0.0,0.0
0.0,0.0
0.0,0.0
0.0,0.0
0.0,0.0
0.0,0.0
0.0,0.0
0.0,0.0
0.0,0.0
0.0,0.0
0.0,0.0
0.0,0.0
0.0,0.0
0.0,0.0
0.0,0.0
0.0,0.0
0.0,0.0
0.0,0.0
0.0,0.0
0.0,0.0
0.0,0.0
0.0,0.0
0.0,0.0
0.0,0.0
0.0,0.0
0.0,0.0
0.0,0.0
0.0,0.0
0.0,0.0
0.0,0.0
0.0,0.0
0.0,0.0
